cell_id	pseudotime
P1741_01_11A2_fx_AAACCCAGTGAGACGT-1	37.0122769484355
P1741_01_11A2_fx_AACCATGAGCGCAATG-1	28.6157166581734
P1741_01_11A2_fx_AACCATGTCCCTCGTA-1	28.5326390114914
P1741_01_11A2_fx_ACTTAGGAGGAAAGGT-1	19.961871923429
P1741_01_11A2_fx_AGAAGCGCATCTTTCA-1	0.265570798745865
P1741_01_11A2_fx_AGAGCCCAGAGCAGTC-1	0.000241484266319869
P1741_01_11A2_fx_AGCGCCACACGTCATA-1	6.81421165599984
P1741_01_11A2_fx_AGGACTTCACGTCGGT-1	17.0281048830341
P1741_01_11A2_fx_AGGACTTTCAGCTGTA-1	27.5221663313541
P1741_01_11A2_fx_AGTAACCAGTCATCGT-1	15.3533436058015
P1741_01_11A2_fx_AGTAGCTCAGTAGATA-1	0.000238770959956724
P1741_01_11A2_fx_ATGATCGAGATGACAT-1	4.40750240965862
P1741_01_11A2_fx_CAACAGTTCTATCGTT-1	16.5334250011725
P1741_01_11A2_fx_CAATACGCATACAGCT-1	28.0581089633701
P1741_01_11A2_fx_CAGATTGCACCAACAT-1	4.40750512296498
P1741_01_11A2_fx_CAGCAGCAGCCTTCTC-1	1.58972691181289
P1741_01_11A2_fx_CAGCCAGGTCAAAGAT-1	0.000195358058146411
P1741_01_11A2_fx_CATACAGAGAAATCCA-1	36.4554476740086
P1741_01_11A2_fx_CATACAGGTAACAGTA-1	16.4869123444607
P1741_01_11A2_fx_CATGCGGGTCTCGCGA-1	3.2246572025711
P1741_01_11A2_fx_CATTGAGGTCGCCTAG-1	0.00023605765359358
P1741_01_11A2_fx_CCTAAGAAGGAAAGGT-1	19.6598220005241
P1741_01_11A2_fx_CGCAGGTAGGTAGATT-1	19.0193070438391
P1741_01_11A2_fx_CTATCCGTCCCGTTGT-1	36.4714758310376
P1741_01_11A2_fx_CTCAGGGGTAGGCAGT-1	31.0179684247762
P1741_01_11A2_fx_CTCTCAGCACATACTG-1	32.3189219324099
P1741_01_11A2_fx_GACCCAGCATCAGTCA-1	32.2947301286613
P1741_01_11A2_fx_GACCCAGGTTAAGGAT-1	27.1837736578636
P1741_01_11A2_fx_GACCGTGTCTAACGCA-1	20.0607811810556
P1741_01_11A2_fx_GACTATGAGTGCAAAT-1	23.8952419872618
P1741_01_11A2_fx_GAGAAATTCCCTCGAT-1	35.6821616402166
P1741_01_11A2_fx_GAGTGTTCAGTCAACT-1	19.1398420840876
P1741_01_11A2_fx_GCGAGAACAGCATTGT-1	19.7462636010677
P1741_01_11A2_fx_GCTGAATGTCCTTGTC-1	33.6077177307992
P1741_01_11A2_fx_GCTGAATGTTGAGTCT-1	0.573121388366233
P1741_01_11A2_fx_GGAGGTACAGACAAAT-1	4.40750783627134
P1741_01_11A2_fx_GGGATGAGTCGAGATG-1	6.8142143693062
P1741_01_11A2_fx_GTCATCCAGTCCGCCA-1	4.40751054957771
P1741_01_11A2_fx_GTGACGCGTAGTATAG-1	0.0746720557800731
P1741_01_11A2_fx_GTGAGTTCACAGTCCG-1	27.18377637117
P1741_01_11A2_fx_GTGCAGCCACAACGCC-1	35.8581833828213
P1741_01_11A2_fx_GTTACCCTCCTTATGT-1	4.40751326288407
P1741_01_11A2_fx_GTTAGACCACTGTGTA-1	0.000233344347230435
P1741_01_11A2_fx_GTTGCTCCAGTCAGAG-1	32.7367638682111
P1741_01_11A2_fx_GTTGTAGGTCGCATCG-1	35.9891427720258
P1741_01_11A2_fx_TACGTCCTCACGACTA-1	24.5400365288594
P1741_01_11A2_fx_TACTTACAGGTACTGG-1	35.8938702445177
P1741_01_11A2_fx_TAGCACAAGTTGCTGT-1	0.000230631040867291
P1741_01_11A2_fx_TAGGTACCAAAGGCAC-1	6.81421708261256
P1741_01_11A2_fx_TCACATTAGACATAGT-1	3.10583208966942
P1741_01_11A2_fx_TCACGGGTCCTTCTAA-1	3.26260814887245
P1741_01_11A2_fx_TCATTTGTCGCTCCTA-1	31.0327923450592
P1741_01_11A2_fx_TCGACCTGTGGCAGAT-1	2.70616000528908
P1741_01_11A2_fx_TGATTCTTCTCTCCGA-1	4.77562714786476
P1741_01_11A2_fx_TGTGCGGCATGCAGGA-1	0.000227917734504146
P1741_01_11A2_fx_TTACGCCGTTCGTACA-1	4.40751597619043
P1741_01_11A2_fx_TTCTCTCAGCCTAACT-1	20.1611021950946
P1741_01_11A2_fx_TTGTGGACACGTGTGC-1	4.46810034864055
P1741_01_11A2_fx_AATCACGGTCTGATCA-1	0.000225204428141002
P1741_01_11A2_fx_ACCACAAGTATCACCA-1	15.4106889240964
P1741_01_11A2_fx_ACCCTCACAGCTCTGG-1	4.77562986117112
P1741_01_11A2_fx_ACGGAAGGTACGCTTA-1	4.4075186894968
P1741_01_11A2_fx_AGAACCTTCCGAGTGC-1	20.180875807595
P1741_01_11A2_fx_AGGAAATGTCGATTTG-1	19.955613788223
P1741_01_11A2_fx_AGGAGGTTCTCCTACG-1	17.2962342353236
P1741_01_11A2_fx_AGGCTGCTCGCTTGCT-1	0.476686180740687
P1741_01_11A2_fx_AGTAACCCAGCATGCC-1	6.15989843308543
P1741_01_11A2_fx_AGTAACCCATGTGCCG-1	28.352313783477
P1741_01_11A2_fx_ATACCGACAGTCAGAG-1	2.11097295847434
P1741_01_11A2_fx_ATGACCACACCAGACC-1	4.40752140280316
P1741_01_11A2_fx_CACACAATCGCCAACG-1	4.03208582411853
P1741_01_11A2_fx_CCTTGTGTCAGACCTA-1	4.40752411610952
P1741_01_11A2_fx_CTCAGTCAGGCATCTT-1	27.1837790844764
P1741_01_11A2_fx_CTCATGCCAAGCGGAT-1	15.5102112197907
P1741_01_11A2_fx_CTGATCCGTAATTGGA-1	2.11157070416283
P1741_01_11A2_fx_GACTCAAGTTTAGTCG-1	0.000192644751783266
P1741_01_11A2_fx_GATAGAACATACCACA-1	36.4875283819421
P1741_01_11A2_fx_GCCCAGAAGCACAAAT-1	6.047699785171
P1741_01_11A2_fx_GGTGGCTGTGTTAGCT-1	27.7454822339504
P1741_01_11A2_fx_GTCCCATAGAGGTCAC-1	27.1837817977827
P1741_01_11A2_fx_GTCTGTCGTACGTACT-1	15.0834618438278
P1741_01_11A2_fx_GTGCTGGGTACACGCC-1	0.47668889404705
P1741_01_11A2_fx_GTGGAAGTCAACGCTA-1	1.70282755759911
P1741_01_11A2_fx_GTTGCTCGTCGTATTG-1	27.1837845110891
P1741_01_11A2_fx_TACACCCTCGGTCGAC-1	15.5697045724569
P1741_01_11A2_fx_TATTGCTGTCGTTTCC-1	6.69869794012076
P1741_01_11A2_fx_TCCGATCAGATCGCTT-1	29.1110189926437
P1741_01_11A2_fx_TCTGCCAAGGAATGTT-1	31.0088281328945
P1741_01_11A2_fx_TGACAGTTCTGGACTA-1	0.000189931445420122
P1741_01_11A2_fx_TGGGCTGTCTCAGAAC-1	37.446087347238
P1741_01_11A2_fx_TGTCCACGTTTACCAG-1	30.0188881114539
P1741_01_11A2_fx_TGTTGAGTCCTGTACC-1	1.94209272386011
P1741_01_11A2_fx_TTCCAATCAATAAGGT-1	17.29623694863
P1741_01_11A2_fx_TTTACTGTCGTCGACG-1	37.1275324888337
P1741_02_11A2_prox_dist_AACCTTTGTGAGCGAT-1	27.1837872243955
P1741_02_11A2_prox_dist_ACCCAAAAGGCTTAGG-1	6.06384700944257
P1741_02_11A2_prox_dist_ACGCACGGTGCATACT-1	18.9838042656647
P1741_02_11A2_prox_dist_ACTTCCGTCGTGTTCC-1	23.9002713452457
P1741_02_11A2_prox_dist_AGAAATGTCCGATCTC-1	3.24204241272662
P1741_02_11A2_prox_dist_AGAAATGTCGCGCTGA-1	6.81421979591893
P1741_02_11A2_prox_dist_AGCGCCAGTCATAACC-1	0.000187218139056977
P1741_02_11A2_prox_dist_AGGGTTTAGTCCCTAA-1	6.0602394097446
P1741_02_11A2_prox_dist_ATAGAGATCTGTCGTC-1	32.724189528282
P1741_02_11A2_prox_dist_ATCCCTGGTTTCTATC-1	37.4460900605443
P1741_02_11A2_prox_dist_CACAGATCATTGACTG-1	17.1802218604998
P1741_02_11A2_prox_dist_CACTAAGTCGATACAC-1	0.000222491121777857
P1741_02_11A2_prox_dist_CATCAAGCAGGACAGT-1	19.2417755182557
P1741_02_11A2_prox_dist_CCTATCGTCAGGAACG-1	17.3321184459974
P1741_02_11A2_prox_dist_CCTCCAACACATTACG-1	1.60536637393845
P1741_02_11A2_prox_dist_CGGCAGTGTAACGGTG-1	0.000219777815414712
P1741_02_11A2_prox_dist_CGGGACTGTCCTGAAT-1	36.5426630133007
P1741_02_11A2_prox_dist_CGTTGGGAGTCGAGGT-1	32.4404889832021
P1741_02_11A2_prox_dist_CTACCTGGTTCCACAA-1	6.82209869101689
P1741_02_11A2_prox_dist_CTTAGGACACTAGGTT-1	6.91638921737596
P1741_02_11A2_prox_dist_GAAGCCCTCTGCTAGA-1	0.000217064509051568
P1741_02_11A2_prox_dist_GACAGCCGTCATGCAT-1	6.02302160993078
P1741_02_11A2_prox_dist_GACTCTCTCATCACCC-1	27.2080867151001
P1741_02_11A2_prox_dist_GAGACTTTCTGAGAGG-1	17.2797432805953
P1741_02_11A2_prox_dist_GATGTTGGTCTAACGT-1	17.255758643582
P1741_02_11A2_prox_dist_GCCAGCAAGTGCACTT-1	32.9009243304541
P1741_02_11A2_prox_dist_GCCAGGTGTAACAAGT-1	33.0033900046026
P1741_02_11A2_prox_dist_GCGGAAAGTATCTCGA-1	13.4100358246621
P1741_02_11A2_prox_dist_GTTAGTGCAATGAAAC-1	37.246081945485
P1741_02_11A2_prox_dist_TAACCAGCAGATACTC-1	6.06862757913125
P1741_02_11A2_prox_dist_TACACCCTCATGAGGG-1	5.91266256680705
P1741_02_11A2_prox_dist_TCACACCAGTCACTCA-1	6.81422250922529
P1741_02_11A2_prox_dist_TCCCACACAATTCTTC-1	28.0581116766764
P1741_02_11A2_prox_dist_TCCCACATCCCTCTAG-1	0.686039260910543
P1741_02_11A2_prox_dist_TCCTTCTGTGTCGCTG-1	28.394637517719
P1741_02_11A2_prox_dist_TCGCTCAAGCTGGCCT-1	23.9260348385675
P1741_02_11A2_prox_dist_TCGTCCACATCTCCCA-1	27.1139002492233
P1741_02_11A2_prox_dist_TCTCAGCGTTGCGTAT-1	17.1936020394594
P1741_02_11A2_prox_dist_TCTGCCAAGCAGCGAT-1	6.81422522253165
P1741_02_11A2_prox_dist_TCTGCCACAATTAGGA-1	5.24774496044436
P1741_02_11A2_prox_dist_TGGATGTTCATACAGC-1	3.0373048611699
P1741_02_11A2_prox_dist_TGGGAGAGTAGTGTGG-1	0.000214351202688423
P1741_02_11A2_prox_dist_TGGGAGATCACCTGTC-1	5.95444381494794
P1741_02_11A2_prox_dist_TGTTGGAAGACTCCGC-1	4.77563257447748
P1741_02_11A2_prox_dist_TTAATCCAGTTCCGTA-1	18.9906520895301
P1741_02_11A2_prox_dist_TTGATGGCACGATTCA-1	6.05098430873876
P1741_02_11A2_prox_dist_TTTAGTCCATTCCTAT-1	23.9131559961373
P1741_02_11A2_prox_dist_TTTGACTCACTACCCT-1	1.77225091503796
P1741_03_11A5_fx_AATGCCACAGAACATA-1	0.017324941954818
P1741_03_11A5_fx_ACCATTTAGAAGGGAT-1	33.8271750629903
P1741_03_11A5_fx_ACGGTTAAGTAATCCC-1	27.1674834866709
P1741_03_11A5_fx_ACGTCCTTCTCTCGCA-1	6.81422793583802
P1741_03_11A5_fx_AGAGAGCAGAATGTTG-1	27.1837899377018
P1741_03_11A5_fx_AGCGATTAGTTCATCG-1	34.3453680764681
P1741_03_11A5_fx_AGGATAAAGCTTTCCC-1	17.2824623791509
P1741_03_11A5_fx_AGTCATGCAGGTGACA-1	19.1151512913183
P1741_03_11A5_fx_ATCACTTCACCGTGCA-1	26.6535077076105
P1741_03_11A5_fx_ATCCCTGGTACAAGTA-1	32.7391126131162
P1741_03_11A5_fx_ATCGATGAGCCATTCA-1	30.0074613746116
P1741_03_11A5_fx_ATCGTGAAGCCTGTCG-1	15.1931234165345
P1741_03_11A5_fx_ATGAGGGAGGCATGGT-1	24.7622822714929
P1741_03_11A5_fx_ATGAGGGTCACAGAGG-1	1.58972962511926
P1741_03_11A5_fx_ATGCGATCACGACAAG-1	4.73942644397792
P1741_03_11A5_fx_ATTACCTTCGGCATTA-1	35.8738483161517
P1741_03_11A5_fx_ATTCCATAGTGCACTT-1	6.05308344402585
P1741_03_11A5_fx_ATTCCTACATGAGGGT-1	0.49018220805902
P1741_03_11A5_fx_CATAAGCGTCTTGCGG-1	27.0852527606004
P1741_03_11A5_fx_CATACTTAGGCTCAAG-1	28.5437249090382
P1741_03_11A5_fx_CATGCAAGTTGCAACT-1	33.003392717909
P1741_03_11A5_fx_CATTTCACACGAGAAC-1	15.3032257898129
P1741_03_11A5_fx_CATTTCACAGGTCAGA-1	35.7774848882153
P1741_03_11A5_fx_CCAAGCGCAAGACCGA-1	29.1110217059501
P1741_03_11A5_fx_CCTAACCTCCCAGCGA-1	6.81504629311824e-05
P1741_03_11A5_fx_CCTCCAAAGCAGTAAT-1	30.0201029800643
P1741_03_11A5_fx_CGAAGTTCAGTAGAAT-1	23.8744918813353
P1741_03_11A5_fx_CGGGTCAAGCGCGTTC-1	22.7319775558104
P1741_03_11A5_fx_CGGTCAGGTTGTGGCC-1	26.5284566952396
P1741_03_11A5_fx_CTCCCAACATGGGTCC-1	31.0386875721172
P1741_03_11A5_fx_CTCCCTCGTCTCGGAC-1	26.6120266186364
P1741_03_11A5_fx_CTCCGATTCGCGTAGC-1	25.882357363064
P1741_03_11A5_fx_CTTCTCTTCAGGAGAC-1	32.2617316769569
P1741_03_11A5_fx_GAACTGTGTTGTAGCT-1	32.9343986120724
P1741_03_11A5_fx_GACGTTAAGTTAACAG-1	30.3801347068323
P1741_03_11A5_fx_GCAACCGTCACCTCGT-1	26.5284594085459
P1741_03_11A5_fx_GCCAGGTCATGAGAAT-1	32.4399998188962
P1741_03_11A5_fx_GCGTGCACATGGGATG-1	0.000211637896325279
P1741_03_11A5_fx_GGGCGTTTCGATACGT-1	33.1725651886808
P1741_03_11A5_fx_GGGCTCATCCGCGGAT-1	0.000184504832693833
P1741_03_11A5_fx_GGGTATTGTGAAGCGT-1	28.6157193714798
P1741_03_11A5_fx_GGGTATTTCCTAGCTC-1	32.7565969743484
P1741_03_11A5_fx_GGTAACTAGCTAGCCC-1	0.139298581209355
P1741_03_11A5_fx_GGTGATTCAAGCACAG-1	16.9171087007674
P1741_03_11A5_fx_GTAGTACCACGCGCAT-1	29.1112035856625
P1741_03_11A5_fx_GTCGTAAGTCATCCGG-1	27.1665444620455
P1741_03_11A5_fx_GTGCGTGAGAGAATCT-1	0.000181791526330688
P1741_03_11A5_fx_GTGGTTAAGATCCGAG-1	0.000208924589962134
P1741_03_11A5_fx_GTGTTCCGTCTGTCAA-1	16.1450236550249
P1741_03_11A5_fx_GTTACGATCACTGTTT-1	1.61679407359781
P1741_03_11A5_fx_TAATCTCTCATTGAGC-1	22.7934037605847
P1741_03_11A5_fx_TACCCGTCAAAGCGTG-1	27.1837926510082
P1741_03_11A5_fx_TAGGTACTCGGTGTTA-1	29.9919024972278
P1741_03_11A5_fx_TCATACTGTTGCTCCT-1	0
P1741_03_11A5_fx_TCATTACGTTGCTCGG-1	17.1264134211225
P1741_03_11A5_fx_TCATTGTCACTGTCCT-1	35.955321714412
P1741_03_11A5_fx_TCATTTGCACTATCGA-1	29.4336343189013
P1741_03_11A5_fx_TCGAAGTAGCTTTCCC-1	13.4514880405553
P1741_03_11A5_fx_TCGCAGGCATTGAAAG-1	32.9949665133854
P1741_03_11A5_fx_TCGTCCACATCAGTCA-1	2.98027012509193
P1741_03_11A5_fx_TCTCTGGTCCCGAGTG-1	34.1405444272706
P1741_03_11A5_fx_TGATGGTCATAGCACT-1	15.350387418815
P1741_03_11A5_fx_TGATTCTAGCGTTACT-1	33.2393485561854
P1741_03_11A5_fx_TGATTCTTCATTTGCT-1	17.3321211593037
P1741_03_11A5_fx_TGCGACGCAATCTAGC-1	0.000179078219967543
P1741_03_11A5_fx_TGCTTCGAGCTGCGAA-1	0.000176364913604399
P1741_03_11A5_fx_TGGAGAGGTACACTCA-1	0.000206211283598989
P1741_03_11A5_fx_TGGATGTCAGATACTC-1	0.000203497977235845
P1741_03_11A5_fx_TGGGAGAAGCGTATAA-1	32.3778071266267
P1741_03_11A5_fx_TGTAACGCATGACCCG-1	33.1863107709563
P1741_03_11A5_fx_TTACTGTAGTAAGAGG-1	29.1110244192565
P1741_03_11A5_fx_TTAGTCTGTGTTCATG-1	5.78951611045061
P1741_03_11A5_fx_TTGACCCGTACGACAG-1	27.5664814830942
P1741_03_11A5_fx_TTTAGTCAGTGCAAAT-1	37.4460927738507
P1741_03_11A5_fx_AAACCCAGTAGTCACT-1	19.777232382563
P1741_03_11A5_fx_AACAACCGTTAGCTAC-1	35.9462702278667
P1741_03_11A5_fx_AACAAGATCCAGCTCT-1	30.0006701254956
P1741_03_11A5_fx_AACGGGACATATGCGT-1	31.0141676331211
P1741_03_11A5_fx_AATCACGCAACCGTGC-1	24.4837308691264
P1741_03_11A5_fx_ACCCAAACAGAGGCTA-1	1.59482028705896
P1741_03_11A5_fx_ACGCACGCAATGCAGG-1	32.2762530511483
P1741_03_11A5_fx_ACTCTCGAGCTTCATG-1	32.5342124511328
P1741_03_11A5_fx_ACTTTGTCAGATACCT-1	32.5342151644392
P1741_03_11A5_fx_AGAACAATCCTTGACC-1	23.891582302754
P1741_03_11A5_fx_AGAGAATGTCCTGTTC-1	13.3403863734473
P1741_03_11A5_fx_AGATGAAAGCACACAG-1	28.3650432962746
P1741_03_11A5_fx_AGGAGGTCAAGGTCAG-1	28.2200899437627
P1741_03_11A5_fx_AGGTCTATCTGATTCT-1	37.4460954871571
P1741_03_11A5_fx_AGTTAGCAGTCGAAGC-1	35.3153809167541
P1741_03_11A5_fx_ATCACTTAGTCAGCGA-1	35.9553244277183
P1741_03_11A5_fx_ATCCATTCAGGGCTTC-1	25.5175166117331
P1741_03_11A5_fx_ATCTTCACATACAGAA-1	35.9062491075529
P1741_03_11A5_fx_ATGGTTGTCATCTATC-1	28.113771874231
P1741_03_11A5_fx_ATGTCTTCAACTAGAA-1	19.1860902130851
P1741_03_11A5_fx_ATTACTCGTCAACGCC-1	36.5042021883565
P1741_03_11A5_fx_ATTTACCAGAAATTGC-1	28.3655676259148
P1741_03_11A5_fx_CAACAACGTACGACTT-1	27.1598332601023
P1741_03_11A5_fx_CAACCAACAGATCCAT-1	35.9337211825236
P1741_03_11A5_fx_CAAGGGACACACCGCA-1	31.2741553323715
P1741_03_11A5_fx_CAGCACGGTGCCGAAA-1	32.9147383031231
P1741_03_11A5_fx_CATACTTGTGACTGAG-1	37.8532516301139
P1741_03_11A5_fx_CATCGGGAGTCATGCT-1	28.4960520649697
P1741_03_11A5_fx_CATGCTCCAGTAGTTC-1	24.631771730994
P1741_03_11A5_fx_CATTGAGTCTACTATC-1	3.1098971268936
P1741_03_11A5_fx_CCAATGATCGATACGT-1	35.7968498588065
P1741_03_11A5_fx_CCACAAAGTACAAGTA-1	37.0122796617419
P1741_03_11A5_fx_CCCTCTCTCAGAATAG-1	1.68124400325225
P1741_03_11A5_fx_CCGGTGAGTATAGGAT-1	0.000173651607241254
P1741_03_11A5_fx_CCTCCAAAGGAACGAA-1	37.4460982004634
P1741_03_11A5_fx_CGATGGCGTCTAACGT-1	32.5551095693086
P1741_03_11A5_fx_CGCATAAGTTCGATTG-1	25.9657279769756
P1741_03_11A5_fx_CGTAGTATCCAACTGA-1	2.1918623651665
P1741_03_11A5_fx_CTACCCACAACAGATA-1	4.12682291488639
P1741_03_11A5_fx_CTACCCACAGTACTAC-1	28.3320380952249
P1741_03_11A5_fx_CTTCAATTCGCCTTGT-1	31.0216225020852
P1741_03_11A5_fx_GAACGTTTCCGCGGAT-1	35.9245399558013
P1741_03_11A5_fx_GAAGCCCTCATTTGCT-1	15.0710930115253
P1741_03_11A5_fx_GAGTGTTGTACGAGTG-1	25.4657887596793
P1741_03_11A5_fx_GATCGTACACCTCTGT-1	33.0020091497081
P1741_03_11A5_fx_GATGATCCATCCTCAC-1	28.092126600162
P1741_03_11A5_fx_GATGTTGGTTGGTAGG-1	32.8564288287329
P1741_03_11A5_fx_GCATCGGAGGGTGGGA-1	28.5973474056153
P1741_03_11A5_fx_GCCTGTTAGACTAAGT-1	27.1837953643145
P1741_03_11A5_fx_GCCTGTTTCTTGTGCC-1	4.77563528778385
P1741_03_11A5_fx_GCTGGGTTCCACACCT-1	13.3325516489447
P1741_03_11A5_fx_GGGACAATCCCGAACG-1	37.9074216301245
P1741_03_11A5_fx_GGGTATTCAAGTTGGG-1	0.0636780634606913
P1741_03_11A5_fx_GGGTTATCACCCTTGT-1	32.916103015177
P1741_03_11A5_fx_GGGTTATCACCTCGTT-1	26.6123249262051
P1741_03_11A5_fx_GGTTGTATCGGACGTC-1	24.7276371530068
P1741_03_11A5_fx_GTAAGTCAGATGTTAG-1	31.0225482985622
P1741_03_11A5_fx_GTCATTTTCTGCATAG-1	37.4461009137698
P1741_03_11A5_fx_GTCGAATGTGGCGCTT-1	27.1644948168473
P1741_03_11A5_fx_GTCGCGAGTACCTAAC-1	37.1427231968173
P1741_03_11A5_fx_GTGGTTAGTCTTGCTC-1	30.3408046183051
P1741_03_11A5_fx_GTTCGCTGTAGTATAG-1	1.72186619044402
P1741_03_11A5_fx_TATCTTGTCGGTCTAA-1	33.2654498697393
P1741_03_11A5_fx_TCACATTAGGCCACTC-1	0.572238262039155
P1741_03_11A5_fx_TCACGCTCAATTTCCT-1	13.3515771894255
P1741_03_11A5_fx_TCGACCTAGCTGCGAA-1	28.0581143899828
P1741_03_11A5_fx_TCGACGGGTGGCTAGA-1	35.5539122600914
P1741_03_11A5_fx_TCGGGTGCAATTGCGT-1	35.5430213095545
P1741_03_11A5_fx_TCGTGGGTCTTCCCGA-1	35.1835231413194
P1741_03_11A5_fx_TCTATCAGTTTGGAAA-1	35.9253340236031
P1741_03_11A5_fx_TCTTGCGTCGCGCCAA-1	13.3325543622511
P1741_03_11A5_fx_TGACCCTCAAATCCCA-1	0.0002007846708727
P1741_03_11A5_fx_TGAGACTTCTATTGTC-1	37.9074243434308
P1741_03_11A5_fx_TGGGCGTAGTCGAATA-1	29.1110271325628
P1741_03_11A5_fx_TGTTCATAGACCTGGA-1	6.07086337669235
P1741_03_11A5_fx_TGTTCCGAGCAAATGT-1	28.0724936661469
P1741_03_11A5_fx_TGTTGAGAGTTCTCTT-1	22.7114029818974
P1741_03_11A5_fx_TTCAGGAGTGAGTTGG-1	35.8155763728653
P1741_03_11A5_fx_TTCCAATTCGATCCCT-1	15.7455498002633
P1741_03_11A5_fx_TTCCTCTTCGTAGCTA-1	2.51906331482594
P1741_03_11A5_fx_TTGATGGCACCTCTGT-1	24.9088391519164
P1741_03_11A5_fx_TTGCGTCCAGGTCCCA-1	1.67793876315753
P1741_03_11A5_fx_TTGCTGCTCTCCACTG-1	22.7741431753581
P1741_04_11A5_prox_dist_AAAGTCCCAAACTAGA-1	32.2394177808022
P1741_04_11A5_prox_dist_AACCAACAGGTCACCC-1	16.6337797567324
P1741_04_11A5_prox_dist_ACAGAAAAGATCGGTG-1	4.30752679386196
P1741_04_11A5_prox_dist_ACGTCCTTCTCAACGA-1	4.14735473910694
P1741_04_11A5_prox_dist_AGACACTCAGAAATCA-1	37.9074270567372
P1741_04_11A5_prox_dist_AGACTCAGTATCTCTT-1	6.81423064914438
P1741_04_11A5_prox_dist_AGGTAGGTCGTAGGAG-1	32.6746248048677
P1741_04_11A5_prox_dist_AGTAGTCAGCTCGGCT-1	29.1110298458692
P1741_04_11A5_prox_dist_AGTGCCGGTTGTTGTG-1	2.96210808965712
P1741_04_11A5_prox_dist_ATCATTCGTAACACGG-1	28.4996782884539
P1741_04_11A5_prox_dist_ATCTCTACATGACCCG-1	27.1837980776209
P1741_04_11A5_prox_dist_ATGGATCCACAAATCC-1	37.4461036270762
P1741_04_11A5_prox_dist_CAACGATAGCCTGTCG-1	35.698961988674
P1741_04_11A5_prox_dist_CAATCGAGTCTTGCTC-1	26.5284621218523
P1741_04_11A5_prox_dist_CATGCTCTCTGCACCT-1	27.1715316977753
P1741_04_11A5_prox_dist_CCCAACTAGTACCGGA-1	31.0065515404177
P1741_04_11A5_prox_dist_CCCTTAGTCAGTGATC-1	6.81423336245074
P1741_04_11A5_prox_dist_CCTCAACAGATTAGCA-1	29.1110325591755
P1741_04_11A5_prox_dist_CCTCCAAAGCTCGCAC-1	4.40752682941589
P1741_04_11A5_prox_dist_CCTGTTGGTATTTCTC-1	32.3150919657756
P1741_04_11A5_prox_dist_CCTTCAGGTCCGCAGT-1	3.12005660073568
P1741_04_11A5_prox_dist_CGTGATATCCACCCTA-1	35.8125053096116
P1741_04_11A5_prox_dist_CGTTCTGTCACCTCGT-1	28.4722948676561
P1741_04_11A5_prox_dist_CTCCCAAGTGTGGTCC-1	6.81423607575711
P1741_04_11A5_prox_dist_GAAGAATCAGAGTCTT-1	26.5284648351587
P1741_04_11A5_prox_dist_GAAGTAAGTGGCTAGA-1	31.6092854406094
P1741_04_11A5_prox_dist_GATGACTAGTTTAGGA-1	18.9826092918353
P1741_04_11A5_prox_dist_GATGACTCATAGTCGT-1	4.36759503093853
P1741_04_11A5_prox_dist_GCACTAACAACTACGT-1	29.1248952313097
P1741_04_11A5_prox_dist_GCATGATAGTACCCTA-1	6.81423878906347
P1741_04_11A5_prox_dist_GCCCGAACACGCAGTC-1	0.000198071364509556
P1741_04_11A5_prox_dist_GCGAGAACATGATAGA-1	32.6068858425042
P1741_04_11A5_prox_dist_GCGTGCATCTGCGGAC-1	29.1110352724819
P1741_04_11A5_prox_dist_GCTTTCGCACAGTGAG-1	15.0988647774795
P1741_04_11A5_prox_dist_GGAAGTGTCGTGCTCT-1	37.4461063403825
P1741_04_11A5_prox_dist_GGCACGTGTCAGTCCG-1	24.5002863801147
P1741_04_11A5_prox_dist_GTAATCGCAGTAGAGC-1	37.6315891781834
P1741_04_11A5_prox_dist_GTGACGCGTCGTTGGC-1	32.7114613313481
P1741_04_11A5_prox_dist_GTGAGGAGTCGCATTA-1	6.81424150236984
P1741_04_11A5_prox_dist_GTGCGTGGTTGTGGCC-1	23.8517520514068
P1741_04_11A5_prox_dist_GTTTACTCACATGACT-1	35.9891454853322
P1741_04_11A5_prox_dist_TACCTCGCAAAGACGC-1	37.0122823750483
P1741_04_11A5_prox_dist_TACGGGCCAACCAATC-1	17.0538896525055
P1741_04_11A5_prox_dist_TATCCTACAAGGAGTC-1	13.4541585812412
P1741_04_11A5_prox_dist_TCCATGCGTGACGTCC-1	0.000195358058146411
P1741_04_11A5_prox_dist_TCCGATCAGTACCCTA-1	1.62469438798067
P1741_04_11A5_prox_dist_TCCTCTTAGTAAGGGA-1	35.759126849228
P1741_04_11A5_prox_dist_TCGACCTCAAACCGGA-1	2.70453058991951
P1741_04_11A5_prox_dist_TCGCACTGTTTAGTCG-1	33.5717476751422
P1741_04_11A5_prox_dist_TCGTAGAGTGAGCCAA-1	37.4461090536889
P1741_04_11A5_prox_dist_TCTACCGCAGAAACCG-1	3.28631047630695
P1741_04_11A5_prox_dist_TCTATACAGCGCACAA-1	32.5077319020666
P1741_04_11A5_prox_dist_TCTCCGAGTTCAAGGG-1	6.07207276041856
P1741_04_11A5_prox_dist_TGAGCATGTTATTCCT-1	2.07703878533448
P1741_04_11A5_prox_dist_TGGATGTAGAACAAGG-1	35.2704872571468
P1741_04_11A5_prox_dist_TGGGAGAAGCAGCAGT-1	36.4553325684666
P1741_04_11A5_prox_dist_TGGGATTAGACCAACG-1	17.0056566339372
P1741_04_11A5_prox_dist_TGTAAGCGTAACACGG-1	37.4461117669953
P1741_04_11A5_prox_dist_TGTCCACTCGTGCACG-1	4.40752954272225
P1741_04_11A5_prox_dist_TGTTCCGGTTGACTGT-1	28.0581171032892
P1741_04_11A5_prox_dist_TTCATGTGTTTACCAG-1	36.4535414323281
P1741_04_11A5_prox_dist_TTTCACATCGTCGGGT-1	4.07673552101342
P1741_04_11A5_prox_dist_TTTGGTTGTTTCACTT-1	4.47202168506421
P1741_05_11B2_fx_AAAGGTACAATACAGA-1	37.4461144803016
P1741_05_11B2_fx_AACAACCAGCGATTCT-1	33.0347052937087
P1741_05_11B2_fx_AACAGGGCAACCAATC-1	0.00017093830087811
P1741_05_11B2_fx_AACGGGACAACCACAT-1	19.6976506506066
P1741_05_11B2_fx_AAGACAAAGTTGTCAC-1	5.71003522876917
P1741_05_11B2_fx_AAGCATCCACAACCGC-1	32.7734007880988
P1741_05_11B2_fx_AAGCATCCAGCTACAT-1	37.6276866483665
P1741_05_11B2_fx_AAGCGAGAGCATGATA-1	37.9074297700436
P1741_05_11B2_fx_AAGTGAATCTCTCGCA-1	0.112025381186595
P1741_05_11B2_fx_ACACTGAGTAAGGCCA-1	32.8586180805587
P1741_05_11B2_fx_ACGGAAGTCTGCTCTG-1	26.4623892812486
P1741_05_11B2_fx_AGCTCAACACTGCATA-1	37.446117193608
P1741_05_11B2_fx_AGGATCTCACACCTAA-1	27.5139118185753
P1741_05_11B2_fx_AGTTAGCTCGCTGCGA-1	37.4461199069143
P1741_05_11B2_fx_ATAGAGACATGGACAG-1	23.0764169054714
P1741_05_11B2_fx_ATAGGCTAGATCCTAC-1	6.05212724501068
P1741_05_11B2_fx_ATCACGATCATTCCTA-1	31.4484833630618
P1741_05_11B2_fx_ATCATTCGTGAATGTA-1	4.40753225602861
P1741_05_11B2_fx_ATCCCTGTCCGCGAGT-1	27.6620272936784
P1741_05_11B2_fx_ATCGGATAGCCGATTT-1	23.7047511530648
P1741_05_11B2_fx_ATGAGGGAGGCTTAGG-1	37.4461226202207
P1741_05_11B2_fx_ATGGAGGAGTACTCGT-1	32.9234773513864
P1741_05_11B2_fx_ATTCAGGGTCTGCAAT-1	35.7580390624526
P1741_05_11B2_fx_CAAGACTCATAGGTTC-1	31.0435840737726
P1741_05_11B2_fx_CACTAAGAGTTTCGGT-1	19.7021780860968
P1741_05_11B2_fx_CATCCACCAGACAAGC-1	25.6900504802113
P1741_05_11B2_fx_CATGCCTTCACTTGTT-1	37.4461253335271
P1741_05_11B2_fx_CATTCTACAGAGACTG-1	37.4461280468334
P1741_05_11B2_fx_CATTGTTTCAGACCTA-1	16.5430007097724
P1741_05_11B2_fx_CCAAGCGCAGAACTCT-1	37.4461307601398
P1741_05_11B2_fx_CCACAAAAGTGCAGGT-1	5.64317185717759
P1741_05_11B2_fx_CCACAAACACGCACCA-1	37.4461334734462
P1741_05_11B2_fx_CCCTTAGAGAGAGGTA-1	4.40753496933498
P1741_05_11B2_fx_CCGGTGAGTAATACCC-1	34.4867690718601
P1741_05_11B2_fx_CCTACGTTCGAAGCAG-1	31.6092881539158
P1741_05_11B2_fx_CCTCCAAAGCTATCTG-1	23.8584343535117
P1741_05_11B2_fx_CGAGTGCCAGCTCTGG-1	37.4461361867525
P1741_05_11B2_fx_CTACATTGTCGCAACC-1	37.4461389000589
P1741_05_11B2_fx_CTACATTTCAAGCCCG-1	5.6775834543529
P1741_05_11B2_fx_CTACATTTCTCGTTTA-1	5.64317457048396
P1741_05_11B2_fx_CTCCTCCGTATCTCTT-1	37.4461416133653
P1741_05_11B2_fx_CTCTCAGGTTCGAAGG-1	0.000168224994514965
P1741_05_11B2_fx_CTGAATGGTTCCTACC-1	29.1266920138218
P1741_05_11B2_fx_CTGAGCGGTGTCCACG-1	32.7061448372393
P1741_05_11B2_fx_CTGCATCCACGCCAGT-1	35.5756750536692
P1741_05_11B2_fx_CTGCTCATCGCTTACC-1	23.8998671666375
P1741_05_11B2_fx_CTGTCGTAGTCTGGAG-1	37.6082691345129
P1741_05_11B2_fx_GAATCACCAAACACGG-1	16.5118940307035
P1741_05_11B2_fx_GACCGTGAGGTCCTGC-1	37.4461443266716
P1741_05_11B2_fx_GAGAAATAGACTACGG-1	37.446147039978
P1741_05_11B2_fx_GAGAGGTAGACGAAGA-1	37.4461497532844
P1741_05_11B2_fx_GAGCTGCAGTGCGACA-1	0.00016551168815182
P1741_05_11B2_fx_GATCAGTGTGCCCAGT-1	13.3536902104326
P1741_05_11B2_fx_GATGGAGGTAGAGATT-1	5.28437041577858
P1741_05_11B2_fx_GATGGAGTCTACGCGG-1	16.1234869917597
P1741_05_11B2_fx_GCAACCGCACGACTAT-1	37.4461524665907
P1741_05_11B2_fx_GCACATATCCGTAGTA-1	37.4461551798971
P1741_05_11B2_fx_GCCAGTGGTCTCAAGT-1	37.5882080630409
P1741_05_11B2_fx_GCCATGGCAGTGTGCC-1	37.4461578932035
P1741_05_11B2_fx_GCCGTGATCTCGGGAC-1	16.1234897050661
P1741_05_11B2_fx_GCTACAATCGAACTCA-1	24.7013773371316
P1741_05_11B2_fx_GGATCTAAGTAACGAT-1	22.7891082724771
P1741_05_11B2_fx_GGCTTTCAGTCCTACA-1	0.0628423852647115
P1741_05_11B2_fx_GGGTATTCAGCCCAGT-1	35.9553271410247
P1741_05_11B2_fx_GGGTGAAAGAAGCGAA-1	29.1110379857883
P1741_05_11B2_fx_GGGTTTATCGCCGATG-1	37.4461606065098
P1741_05_11B2_fx_GGTTAACAGCCTCGTG-1	37.9074324833499
P1741_05_11B2_fx_GTGAGGATCGATTGGT-1	32.3178463041997
P1741_05_11B2_fx_GTGGTTATCTGATTCT-1	0.000192644751783266
P1741_05_11B2_fx_GTTGCTCAGAGAGGGC-1	37.4461633198162
P1741_05_11B2_fx_GTTTGGATCGCATAGT-1	35.9529307417233
P1741_05_11B2_fx_TACACCCCAATTTCTC-1	29.1188012961088
P1741_05_11B2_fx_TACAGGTCACCGTGGT-1	29.1110406990946
P1741_05_11B2_fx_TACTTCAGTCACTTCC-1	37.4461660331226
P1741_05_11B2_fx_TAGAGTCGTCAATCTG-1	16.1234924183724
P1741_05_11B2_fx_TATCTGTAGTCTGGTT-1	23.0764196187778
P1741_05_11B2_fx_TATTTCGGTGCCTTCT-1	0.120077583839497
P1741_05_11B2_fx_TCAAGCAAGGTTCAGG-1	22.7319802691168
P1741_05_11B2_fx_TCAAGTGGTTCCTAGA-1	23.9738546654968
P1741_05_11B2_fx_TCACAAGGTTAGTTCG-1	37.6185611328299
P1741_05_11B2_fx_TCAGCAACAACCGGAA-1	16.463001930852
P1741_05_11B2_fx_TCAGGTATCTCACGAA-1	22.7053320909766
P1741_05_11B2_fx_TCATCCGTCCTTACCG-1	36.5351863660095
P1741_05_11B2_fx_TCCTCGAAGACGAAGA-1	35.8585349660013
P1741_05_11B2_fx_TCCTGCAAGGTTGCCC-1	22.9497116952481
P1741_05_11B2_fx_TCGCACTTCAATCTTC-1	32.2436610645141
P1741_05_11B2_fx_TCGCAGGTCGGTGTAT-1	37.4461687464289
P1741_05_11B2_fx_TCGCTCAAGCAGGCTA-1	32.8510334080605
P1741_05_11B2_fx_TCTACATCATGTGCTA-1	25.3613543540523
P1741_05_11B2_fx_TGAGGTTAGGTATTGA-1	37.4461714597353
P1741_05_11B2_fx_TGAGGTTGTGAACGGT-1	4.56251852980516
P1741_05_11B2_fx_TGCATCCCATCATTTC-1	25.471082820603
P1741_05_11B2_fx_TGGGCTGTCCTTATCA-1	26.528467548465
P1741_05_11B2_fx_TGTTCATTCCTACGAA-1	28.4719014756937
P1741_05_11B2_fx_TGTTCCGTCTGCCCTA-1	19.9003836442134
P1741_05_11B2_fx_TGTTCTACAGGGATAC-1	36.4792130205663
P1741_05_11B2_fx_TGTTGGATCTGCATGA-1	16.1423975431338
P1741_05_11B2_fx_TTCATTGCATCGGAGA-1	37.4461741730417
P1741_05_11B2_fx_TTCCGTGTCGCCTTGT-1	0.000189931445420122
P1741_05_11B2_fx_TTCCTCTAGAGGTATT-1	4.50852908158893
P1741_05_11B2_fx_TTGGGATAGCCTTCTC-1	35.9553298543311
P1741_06_11B2_prox_dist_AATCGTGAGCATCAAA-1	23.9153081985014
P1741_06_11B2_prox_dist_ACGTAGTTCACATCAG-1	23.9260375518739
P1741_06_11B2_prox_dist_ACTGCAATCTCAACGA-1	37.446176886348
P1741_06_11B2_prox_dist_ACTTCGCAGATCGGTG-1	4.3861442779623
P1741_06_11B2_prox_dist_AGATCCAGTTCAGTAC-1	32.3093303530162
P1741_06_11B2_prox_dist_ATAGACCAGGCTGGAT-1	28.6157220847862
P1741_06_11B2_prox_dist_ATCGCCTTCCCATAAG-1	22.7319829824231
P1741_06_11B2_prox_dist_ATCGGATTCAAACCCA-1	4.49219154138758
P1741_06_11B2_prox_dist_ATCTTCAAGTAGGGTC-1	36.532746106584
P1741_06_11B2_prox_dist_ATGAGTCAGGTCCGAA-1	34.0697517458799
P1741_06_11B2_prox_dist_CACTAAGAGGTCACTT-1	0.000162798381788676
P1741_06_11B2_prox_dist_CATGCCTCAGCTCGGT-1	34.4679628746267
P1741_06_11B2_prox_dist_CCACGAGAGCATAGGC-1	30.0223724887686
P1741_06_11B2_prox_dist_CCGTTCACACCGCTGA-1	23.03957325909
P1741_06_11B2_prox_dist_CGAGGCTAGTACGTCT-1	37.4461795996544
P1741_06_11B2_prox_dist_CGGGCATCAGCTGTAT-1	0.0173276552611812
P1741_06_11B2_prox_dist_CGTGAATAGCTAGCCC-1	0.0173303685675443
P1741_06_11B2_prox_dist_CTATCTAGTTGTTTGG-1	23.0525719809992
P1741_06_11B2_prox_dist_GAACGTTAGCGAGTCA-1	15.2194200930379
P1741_06_11B2_prox_dist_GAATCACGTCTCTCTG-1	35.246239394261
P1741_06_11B2_prox_dist_GACAGCCTCTCAGAAC-1	37.5062468642617
P1741_06_11B2_prox_dist_GACCCAGTCGCTCTCA-1	26.1087641220131
P1741_06_11B2_prox_dist_GAGTTACTCGCGTCGA-1	37.4461823129608
P1741_06_11B2_prox_dist_GATGCTACATGTACGT-1	35.1700003650319
P1741_06_11B2_prox_dist_GCAACATAGACTCGAG-1	26.3616705333121
P1741_06_11B2_prox_dist_GCCTGTTTCCAGTGTA-1	32.5342178777455
P1741_06_11B2_prox_dist_GGGACCTTCCGTGACG-1	28.1795192893358
P1741_06_11B2_prox_dist_GGGAGTACACATAGCT-1	31.6092908672222
P1741_06_11B2_prox_dist_GGGATGAAGGGTTTCT-1	0.000160085075425531
P1741_06_11B2_prox_dist_GTAGTACCAGCACAAG-1	34.3982742604955
P1741_06_11B2_prox_dist_GTCGCGATCGTGCGAC-1	15.2037636460596
P1741_06_11B2_prox_dist_TAACACGTCCTACAAG-1	25.7614188811852
P1741_06_11B2_prox_dist_TATACCTGTGGCGTAA-1	23.9260402651802
P1741_06_11B2_prox_dist_TATCCTACATCGGCCA-1	22.7053348042829
P1741_06_11B2_prox_dist_TCAGTCCTCGAGAGAC-1	23.9177984737928
P1741_06_11B2_prox_dist_TCCCACACACAACGCC-1	19.0624561234512
P1741_06_11B2_prox_dist_TCCCATGAGATCACCT-1	31.5641247197005
P1741_06_11B2_prox_dist_TCGGTCTAGCTCCACG-1	33.0033954312154
P1741_06_11B2_prox_dist_TCTTGCGGTAGTCTGT-1	36.5538281621575
P1741_06_11B2_prox_dist_TGAGCGCCAAACTCTG-1	24.9651315834666
P1741_06_11B2_prox_dist_TGGAACTTCCAACACA-1	25.3668566588856
P1741_06_11B2_prox_dist_TGTAAGCCAATTTCTC-1	0.000157371769062387
P1741_06_11B2_prox_dist_TGTCCCAAGCCTGAAG-1	36.4901044635413
P1741_06_11B2_prox_dist_TGTTCATTCCTCTTTC-1	37.4461850262671
P1741_06_11B2_prox_dist_TTTACGTCAGGTTTAC-1	23.0764223320842
P1741_06_11B2_prox_dist_TTTACGTTCCATATGG-1	0.000187218139056977
P1741_06_11B2_prox_dist_TTTATGCAGCGAGTAC-1	22.7300459685345
P1741_06_11B2_prox_dist_AAGTGAACACTACCCT-1	23.9260429784866
P1741_06_11B2_prox_dist_ACGGTCGCACCACATA-1	34.2175319875344
P1741_06_11B2_prox_dist_ACTTCGCCATAAGCAA-1	15.0710957248317
P1741_06_11B2_prox_dist_AGCTTCCAGGTCGACA-1	34.4100647876878
P1741_06_11B2_prox_dist_AGGATCTCACTACCGG-1	32.542425052929
P1741_06_11B2_prox_dist_ATATCCTCATAAGCAA-1	37.4461877395735
P1741_06_11B2_prox_dist_CAACCAAAGTACCCTA-1	0.000154658462699242
P1741_06_11B2_prox_dist_CAAGACTCACAGGATG-1	26.5871496219974
P1741_06_11B2_prox_dist_CACTGAATCAGCAATC-1	30.0872463646556
P1741_06_11B2_prox_dist_CATCGGGGTACCGGAA-1	30.0673310803376
P1741_06_11B2_prox_dist_CCAATGAAGGGATGTC-1	31.6092935805285
P1741_06_11B2_prox_dist_CCTTGTGTCTTTCCAA-1	31.348356021337
P1741_06_11B2_prox_dist_CGGAATTAGTTTGTCG-1	34.4295572019362
P1741_06_11B2_prox_dist_CGGCAGTGTTCTCGTC-1	26.383511423015
P1741_06_11B2_prox_dist_CTAGGTAGTCTGCGCA-1	6.91639193068232
P1741_06_11B2_prox_dist_CTCATGCGTTGCCAAT-1	30.067699710333
P1741_06_11B2_prox_dist_CTTGATTAGATGAATC-1	0.000184504832693833
P1741_06_11B2_prox_dist_CTTGATTTCGCATAGT-1	37.4461904528798
P1741_06_11B2_prox_dist_GAACACTCATGTTCAG-1	13.3495264251935
P1741_06_11B2_prox_dist_GCTGGGTGTTCTGAGT-1	32.9398102596029
P1741_06_11B2_prox_dist_GGAATGGCAGGTAGTG-1	26.5958168213219
P1741_06_11B2_prox_dist_GGTCTGGGTTCAATCG-1	33.0033981445217
P1741_06_11B2_prox_dist_GTCTCACAGATCCGAG-1	0.000181791526330688
P1741_06_11B2_prox_dist_GTGGCGTTCCGTCAAA-1	32.9913746529926
P1741_06_11B2_prox_dist_GTGTTCCTCTCGGGAC-1	15.5638851671906
P1741_06_11B2_prox_dist_TAAGTCGAGACTCTAC-1	23.6744790957347
P1741_06_11B2_prox_dist_TACAGGTGTCAACGCC-1	3.92799502261442
P1741_06_11B2_prox_dist_TACGTCCTCACCTCAC-1	32.7122019626758
P1741_06_11B2_prox_dist_TATCAGGTCTGTGCGG-1	0.000151945156336097
P1741_06_11B2_prox_dist_TCAATTCTCCATTTGT-1	0.000179078219967543
P1741_06_11B2_prox_dist_TCACATTGTGTTAAAG-1	25.9417563417902
P1741_06_11B2_prox_dist_TCATACTTCACAGAGG-1	0.000176364913604399
P1741_06_11B2_prox_dist_TCATCCGAGTAAACTG-1	24.6042740258116
P1741_06_11B2_prox_dist_TCCTAATTCTGTGCTC-1	32.283261701129
P1741_06_11B2_prox_dist_TCCTCGAAGATCGGTG-1	27.118690630038
P1741_06_11B2_prox_dist_TCGCACTCAATGGCAG-1	23.9260456917929
P1741_06_11B2_prox_dist_TCTGTCGAGAAATTGC-1	37.4461931661862
P1741_06_11B2_prox_dist_TGAGACTTCGGTAGAG-1	23.9153109118077
P1741_06_11B2_prox_dist_TGCAGTAGTTCAGGTT-1	35.9027758540883
P1741_06_11B2_prox_dist_TGCAGTATCACTCTTA-1	24.484694727333
P1741_06_11B2_prox_dist_TGGTGATGTCTCGCGA-1	0.000173651607241254
P1741_06_11B2_prox_dist_TGTAACGGTCAAATCC-1	0.00017093830087811
P1741_06_11B2_prox_dist_TTCCACGAGGTAGCAC-1	31.6092962938349
P1741_06_11B2_prox_dist_TTCTAGTCAGACAATA-1	37.4461958794926
P1741_06_11B2_prox_dist_TTGATGGGTCATGCAT-1	15.071098438138
P1741_06_11B2_prox_dist_TTGCCTGGTAGTGGCA-1	35.9553325676374
P1741_06_11B2_prox_dist_TTTAGTCCAGACAATA-1	5.97513695408734
P1741_06_11B2_prox_dist_TTTGACTCAAGCGGAT-1	0.476691607353414
P1741_06_11B2_prox_dist_TTTGTTGCAGCACCCA-1	23.9157880754388
P1741_07_11B5_fx_AAGACTCTCAGCACCG-1	6.06012754001535
P1741_07_11B5_fx_AAGTCGTGTCGCGGTT-1	6.8142442156762
P1741_07_11B5_fx_AATCGACTCTACCTTA-1	5.75958331745764
P1741_07_11B5_fx_ACCAAACTCCATACAG-1	31.6092990071413
P1741_07_11B5_fx_ACCCTTGGTATCCTTT-1	0.000168224994514965
P1741_07_11B5_fx_ACGATCAAGCAAGTGC-1	30.3194174023358
P1741_07_11B5_fx_ACTACGAAGTCGAAAT-1	32.8864571979164
P1741_07_11B5_fx_ACTCCCATCGTTCAGA-1	6.81424692898256
P1741_07_11B5_fx_ACTGCAACATGTGACT-1	0.0132637165731451
P1741_07_11B5_fx_AGAAATGGTCCAGCAC-1	24.5786718783772
P1741_07_11B5_fx_AGACAAACACTATCGA-1	0.00016551168815182
P1741_07_11B5_fx_AGGCCACGTGCGTCGT-1	24.9391812238166
P1741_07_11B5_fx_AGTGCCGCAGCATACT-1	0.000162798381788676
P1741_07_11B5_fx_ATCCTATAGCACAAAT-1	4.40753768264134
P1741_07_11B5_fx_ATTGGGTTCGTTCTCG-1	0.0250117139242847
P1741_07_11B5_fx_ATTGTTCCAGCGACAA-1	4.40754039594771
P1741_07_11B5_fx_CACTGGGGTCAGTCCG-1	35.9553352809438
P1741_07_11B5_fx_CACTGTCAGTATGCAA-1	6.0647395654521
P1741_07_11B5_fx_CAGTGCGAGATGAACT-1	15.0711011514444
P1741_07_11B5_fx_CATACTTCACTGGCCA-1	37.4461985927989
P1741_07_11B5_fx_CATTGTTAGCACTCGC-1	6.81424964228893
P1741_07_11B5_fx_CCCTGATAGTAGTCAA-1	6.91639464398868
P1741_07_11B5_fx_CCGGGTACAGCATACT-1	23.5283786943577
P1741_07_11B5_fx_CCTTTGGAGTATGATG-1	4.40754310925407
P1741_07_11B5_fx_CGATGGCTCTTCTGTA-1	6.81425235559529
P1741_07_11B5_fx_CGTGATAGTATACAGA-1	27.1492146540546
P1741_07_11B5_fx_CTCCATGGTATCCTCC-1	23.9260484050993
P1741_07_11B5_fx_CTCCCTCGTGACAGGT-1	6.06263505363643
P1741_07_11B5_fx_CTGTACCGTTGAGAGC-1	17.2302611951402
P1741_07_11B5_fx_GAGATGGCAGAGAGGG-1	26.5284702617714
P1741_07_11B5_fx_GAGTCATCACTGTGTA-1	0.000160085075425531
P1741_07_11B5_fx_GATCATGGTTAGCGGA-1	0.583256512296538
P1741_07_11B5_fx_GCCATTCAGAGGTCAC-1	37.9074351966563
P1741_07_11B5_fx_GCTTGGGTCTGTAACG-1	29.111043412401
P1741_07_11B5_fx_GGGATCCTCATGGCCG-1	0.000157371769062387
P1741_07_11B5_fx_GGGTCACTCGGTTCAA-1	0.108668917527236
P1741_07_11B5_fx_GGTAGAGTCACAGAGG-1	6.05254946793054
P1741_07_11B5_fx_GGTGTCGGTGGACCTC-1	0.0173330818739075
P1741_07_11B5_fx_GTTGTAGCAAGTGACG-1	0.000154658462699242
P1741_07_11B5_fx_TAACCAGCATCGTTCC-1	13.4921214879608
P1741_07_11B5_fx_TACGCTCAGCATGGGT-1	31.6093017204476
P1741_07_11B5_fx_TAGGTTGGTCAAAGAT-1	0.000151945156336097
P1741_07_11B5_fx_TATCGCCGTGATAGTA-1	0.000149231849972953
P1741_07_11B5_fx_TATCGCCGTTCACCGG-1	26.4453256368569
P1741_07_11B5_fx_TCATGCCCATTCGATG-1	37.5119384710989
P1741_07_11B5_fx_TCGACGGCATCACAGT-1	6.81425506890165
P1741_07_11B5_fx_TCTAACTGTGGGTTGA-1	27.0926072702219
P1741_07_11B5_fx_TCTCTGGTCTCATGGA-1	19.0101803868991
P1741_07_11B5_fx_TGCGGCAGTCGCAACC-1	19.0223948712704
P1741_07_11B5_fx_TGTCCACGTCCGGATC-1	0.160895194006132
P1741_07_11B5_fx_TGTGAGTCAGAAATCA-1	15.0711038647508
P1741_07_11B5_fx_TGTGATGCACACCTAA-1	15.0711065780571
P1741_07_11B5_fx_TGTGCGGCATCGCTAA-1	4.07934083811351
P1741_07_11B5_fx_TTCTAGTAGCTCGCAC-1	6.06086907935542
P1741_08_11B5_prox_dist_AAACCCATCACCTCTG-1	29.1110461257074
P1741_08_11B5_prox_dist_AAGCCATGTGTGCTTA-1	24.6924596391068
P1741_08_11B5_prox_dist_AATAGAGGTCAAACGG-1	23.9260511184057
P1741_08_11B5_prox_dist_AGACAAACAACCTATG-1	36.5293539703409
P1741_08_11B5_prox_dist_AGATCCATCACGGGAA-1	32.7128272743318
P1741_08_11B5_prox_dist_ATCCCTGTCCTATTGT-1	0.0174208202149035
P1741_08_11B5_prox_dist_ATCCTATAGGAGGCAG-1	0.739573940478027
P1741_08_11B5_prox_dist_ATCGATGCAGACGATG-1	27.1838007909273
P1741_08_11B5_prox_dist_CAACCAACACGACGAA-1	0.000149231849972953
P1741_08_11B5_prox_dist_CATGCGGGTCCCGTGA-1	25.5194440126273
P1741_08_11B5_prox_dist_CATGGATAGGTATAGT-1	0.625334410635946
P1741_08_11B5_prox_dist_CTAACTTCAGTTTGGT-1	0.746310849769632
P1741_08_11B5_prox_dist_CTCCATGGTTGCGAAG-1	37.4462013061053
P1741_08_11B5_prox_dist_CTGATCCCACCCAATA-1	18.9773458598961
P1741_08_11B5_prox_dist_GAGGGTATCCAACCGG-1	0.0406362281147383
P1741_08_11B5_prox_dist_GCGGAAACATACAGGG-1	0.000146518543609808
P1741_08_11B5_prox_dist_GCTACAACATAACAGA-1	37.4868438727042
P1741_08_11B5_prox_dist_GGGATGACATGACTGT-1	31.0544710283351
P1741_08_11B5_prox_dist_GGTCTGGCACTGTGAT-1	29.1469920966816
P1741_08_11B5_prox_dist_GTACAGTTCGAGTGGA-1	27.1838035042336
P1741_08_11B5_prox_dist_GTTTACTGTTCCTTGC-1	25.5584044712285
P1741_08_11B5_prox_dist_TAATTCCCAACTGATC-1	6.81425778220802
P1741_08_11B5_prox_dist_TACTTACCAGCGGTTC-1	1.58973233842562
P1741_08_11B5_prox_dist_TATCAGGAGCAGTAAT-1	25.3573645608731
P1741_08_11B5_prox_dist_TATCCTAAGAATCCCT-1	37.4462040194117
P1741_08_11B5_prox_dist_TCATGAGCACTGAGGA-1	0.000143805237246664
P1741_08_11B5_prox_dist_TCCACCATCCTGTAAG-1	6.06263776694279
P1741_08_11B5_prox_dist_TGTTACTGTAGGACTG-1	25.7090828399641
P1741_08_11B5_prox_dist_TTAGGGTGTCCCGGTA-1	1.58973505173198
P1741_08_11B5_prox_dist_AAAGAACCAAGGTCAG-1	0.000146518543609808
P1741_08_11B5_prox_dist_AATTTCCTCACAATGC-1	17.7339634889428
P1741_08_11B5_prox_dist_AGCTTCCAGTGATAGT-1	29.4188139138
P1741_08_11B5_prox_dist_ATCCATTCAGATCACT-1	19.164797055421
P1741_08_11B5_prox_dist_ATGATCGAGATGCCGA-1	1.67962797971548
P1741_08_11B5_prox_dist_CACTTCGTCGCCAGAC-1	0.0173357951802706
P1741_08_11B5_prox_dist_CATACCCTCAGCTGTA-1	33.0619721082684
P1741_08_11B5_prox_dist_CATTCCGTCTGCGGAC-1	0.25376904077549
P1741_08_11B5_prox_dist_CCTAAGAAGTTGCGAG-1	28.6157247980925
P1741_08_11B5_prox_dist_CGCCATTGTATCGCAT-1	29.2687805651004
P1741_08_11B5_prox_dist_CGTCAAACAGGCACTC-1	17.9494575497731
P1741_08_11B5_prox_dist_CTCACTGGTGCAATAA-1	27.0782365875622
P1741_08_11B5_prox_dist_CTCAGAAAGTCAATCC-1	37.446206732718
P1741_08_11B5_prox_dist_CTGCAGGTCGACCATA-1	6.81426049551438
P1741_08_11B5_prox_dist_CTTCCTTCAAGTATCC-1	29.5435317961054
P1741_08_11B5_prox_dist_CTTCGGTGTAGCGCTC-1	24.7166651913099
P1741_08_11B5_prox_dist_CTTTCAATCTGACCCT-1	0.000143805237246664
P1741_08_11B5_prox_dist_GAACGTTCAACGCATT-1	0.000141091930883519
P1741_08_11B5_prox_dist_GAACGTTTCCGTTGAA-1	31.0901305660911
P1741_08_11B5_prox_dist_GAATCACGTGGAGAAA-1	0.0520320159772996
P1741_08_11B5_prox_dist_GAGACTTCAAAGCTAA-1	0
P1741_08_11B5_prox_dist_GCCATTCGTTCCACAA-1	0
P1741_08_11B5_prox_dist_GGAATCTCACACGGTC-1	29.3249361217775
P1741_08_11B5_prox_dist_GGAGGTAAGCAACTTC-1	30.3325859372537
P1741_08_11B5_prox_dist_GGCGTCAGTTTGGGAG-1	6.83025953462091
P1741_08_11B5_prox_dist_GGGAGATCACCAATTG-1	4.40172975391895
P1741_08_11B5_prox_dist_GGGTGAACAACACACT-1	29.512537515776
P1741_08_11B5_prox_dist_GTTCGCTTCTCACTCG-1	29.4058064974572
P1741_08_11B5_prox_dist_TAACCAGTCCAGGACC-1	18.6710688070243
P1741_08_11B5_prox_dist_TAGAGTCTCCTGTACC-1	28.6157275113989
P1741_08_11B5_prox_dist_TCCACCACACAGAGCA-1	15.0711092913635
P1741_08_11B5_prox_dist_TCCACGTCACCTCAGG-1	0.000141091930883519
P1741_08_11B5_prox_dist_TCCAGAAGTTTCGACA-1	23.361667835858
P1741_08_11B5_prox_dist_TCTACCGTCGTACACA-1	23.8720009592658
P1741_08_11B5_prox_dist_TGACTCCCACATGTTG-1	18.5601255063831
P1741_08_11B5_prox_dist_TGCATCCCAAGAGGCT-1	19.2056944612152
P1741_08_11B5_prox_dist_TGCTTGCCACCGTCTT-1	37.4462094460244
P1741_08_11B5_prox_dist_TGTAGACCAGTGAGCA-1	19.8325102242966
P1741_08_11B5_prox_dist_TGTCCTGTCAGAGTTC-1	4.32252872850795
P1741_08_11B5_prox_dist_TTGCGTCAGTTAGTAG-1	23.926053831712
P1741_08_11B5_prox_dist_TTTCATGAGGTAGTCG-1	6.55197046023948
P1741_08_11B5_prox_dist_TTTGTTGGTATTCCTT-1	19.2671733440821
P1741_09_11C2_fx_AAAGGGCGTCGTAATC-1	27.2247768903575
P1741_09_11C2_fx_AAAGTCCAGCGCTGAA-1	0.504650273656084
P1741_09_11C2_fx_AACAAAGAGTTGTACC-1	4.40754582256043
P1741_09_11C2_fx_AACAACCCATATAGCC-1	3.11959763474081
P1741_09_11C2_fx_AACCATGGTTGGCCGT-1	15.1798889877671
P1741_09_11C2_fx_AACCCAATCAACACGT-1	27.839986978708
P1741_09_11C2_fx_AACCTGACAGTGACCC-1	26.6155711262642
P1741_09_11C2_fx_AACCTTTGTGCTGATT-1	6.02302432323714
P1741_09_11C2_fx_AACGAAATCCATTTGT-1	5.72715882851348
P1741_09_11C2_fx_AACGGGATCACTCACC-1	0.0173385084866338
P1741_09_11C2_fx_AAGAACATCCAATCTT-1	37.4462121593308
P1741_09_11C2_fx_AAGACAACAAAGCTCT-1	15.2365227952204
P1741_09_11C2_fx_AAGATAGAGGAGTACC-1	23.0514247480662
P1741_09_11C2_fx_AAGTCGTCACCTCAGG-1	37.4462148726371
P1741_09_11C2_fx_AAGTCGTGTGGCTGAA-1	28.4718768073458
P1741_09_11C2_fx_AAGTGAACACAGAAGC-1	13.3788483531714
P1741_09_11C2_fx_AATGACCTCAACTGAC-1	0.0173412217929969
P1741_09_11C2_fx_AATTCCTCAGGCTCTG-1	29.4654498651778
P1741_09_11C2_fx_ACACCAAGTTACCGTA-1	37.4462175859435
P1741_09_11C2_fx_ACAGAAATCAAGTTGC-1	4.45133456373077
P1741_09_11C2_fx_ACAGCCGGTCCAAATC-1	13.4739026998842
P1741_09_11C2_fx_ACATCCCAGATAACGT-1	37.4462202992499
P1741_09_11C2_fx_ACATGCAAGCGACCCT-1	16.1234951316788
P1741_09_11C2_fx_ACATTTCGTGCAATAA-1	37.4462230125562
P1741_09_11C2_fx_ACCCTCACATTGACCA-1	32.786878437051
P1741_09_11C2_fx_ACGCACGCATGGCGCT-1	37.4462257258626
P1741_09_11C2_fx_ACGGGTCCAACTGGTT-1	0.000138378624520374
P1741_09_11C2_fx_ACGGGTCGTTGTGCAT-1	2.73355047378048
P1741_09_11C2_fx_ACGGTCGGTCGTTATG-1	37.9074379099627
P1741_09_11C2_fx_ACGTCCTTCATGGCCG-1	0.000138378624520374
P1741_09_11C2_fx_ACGTTCCAGTCACGCC-1	0.00013566531815723
P1741_09_11C2_fx_ACTCCCATCTCGTGGG-1	33.0034008578281
P1741_09_11C2_fx_ACTGTGATCAGATGCT-1	37.446228439169
P1741_09_11C2_fx_ACTTAGGCAGAGTTGG-1	3.88215149849366
P1741_09_11C2_fx_ACTTCCGAGTGTCATC-1	26.5284729750777
P1741_09_11C2_fx_ACTTTGTGTACTCGAT-1	25.9298839504687
P1741_09_11C2_fx_AGAAGCGGTTTGGGTT-1	15.3244310574409
P1741_09_11C2_fx_AGAAGTACAGGTTACT-1	28.4680062445037
P1741_09_11C2_fx_AGCCAGCGTTTGGGAG-1	25.9041304453948
P1741_09_11C2_fx_AGCGTCGCAAGCTACT-1	28.0581198165955
P1741_09_11C2_fx_AGGATCTGTTGACTAC-1	0.00013566531815723
P1741_09_11C2_fx_AGGCCACAGCATGCAG-1	2.68281129053469
P1741_09_11C2_fx_AGGCCACCAGCTTCGG-1	4.58684298328379
P1741_09_11C2_fx_AGGCCACCATGCTGCG-1	13.4210318527937
P1741_09_11C2_fx_AGGCCACTCCACAAGT-1	33.2654525830457
P1741_09_11C2_fx_AGTACCACAGGACATG-1	0.718453600995087
P1741_09_11C2_fx_AGTACTGGTGTAGGAC-1	0.000132952011794085
P1741_09_11C2_fx_AGTCAACGTGTAAATG-1	25.7614215944916
P1741_09_11C2_fx_AGTCAACTCGAGGCAA-1	26.4000027915102
P1741_09_11C2_fx_AGTGATCAGAATGTTG-1	37.907440623269
P1741_09_11C2_fx_AGTGATCGTTGCGAAG-1	6.06264048024915
P1741_09_11C2_fx_AGTTAGCGTAGCTGAG-1	4.07516305104686
P1741_09_11C2_fx_ATAGGCTGTTCGTAAC-1	0.000132952011794085
P1741_09_11C2_fx_ATAGGCTGTTTCTTAC-1	37.4462311524753
P1741_09_11C2_fx_ATCACAGTCTAGACCA-1	37.4462338657817
P1741_09_11C2_fx_ATCACGAAGGTCCTGC-1	25.7614243077979
P1741_09_11C2_fx_ATCACGACAATCGCAT-1	37.4462365790881
P1741_09_11C2_fx_ATCACTTAGTAAGCAT-1	37.4462392923944
P1741_09_11C2_fx_ATCACTTGTTAGGAGC-1	4.12333516017625
P1741_09_11C2_fx_ATCAGGTAGAGTTGCG-1	26.5284756883841
P1741_09_11C2_fx_ATCCACCAGAGGTTTA-1	5.78158803498984
P1741_09_11C2_fx_ATCCACCCATGCGTGC-1	32.7734916902787
P1741_09_11C2_fx_ATCCCTGTCTACACAG-1	16.1234978449851
P1741_09_11C2_fx_ATCCGTCAGGTTCTAC-1	1.60070266768813
P1741_09_11C2_fx_ATCGATGCAAGCTACT-1	0.000130238705430941
P1741_09_11C2_fx_ATCGTCCTCGCAGTTA-1	6.04959028364354
P1741_09_11C2_fx_ATGAAAGTCGCAGATT-1	37.4462420057008
P1741_09_11C2_fx_ATGGGAGGTCTGCCTT-1	34.1099299021805
P1741_09_11C2_fx_ATGGGTTAGAGTTCGG-1	26.3917417823182
P1741_09_11C2_fx_ATTATCCAGAAGATCT-1	33.265455296352
P1741_09_11C2_fx_ATTATCCTCAAATGCC-1	17.7145938374714
P1741_09_11C2_fx_ATTCATCTCTAGGAAA-1	30.0411212734218
P1741_09_11C2_fx_ATTCCTATCCTAGAGT-1	37.4462447190072
P1741_09_11C2_fx_ATTCGTTCAACGGTAG-1	4.34112657505828
P1741_09_11C2_fx_ATTCTACAGTATGTAG-1	27.1622222982868
P1741_09_11C2_fx_ATTGTTCGTCGCTCGA-1	26.6919004080969
P1741_09_11C2_fx_CAAAGAAGTAGCACAG-1	37.4462474323135
P1741_09_11C2_fx_CAATCGACAAGGACAC-1	1.83990284195853
P1741_09_11C2_fx_CAATCGATCTAAGCGT-1	6.06264319355552
P1741_09_11C2_fx_CAATGACTCAAGAGGC-1	37.4462501456199
P1741_09_11C2_fx_CACCGTTTCCTGGCTT-1	6.81426320882074
P1741_09_11C2_fx_CACGTGGAGAATCCCT-1	31.0268762521215
P1741_09_11C2_fx_CACGTTCCAACCCGCA-1	34.0240050042935
P1741_09_11C2_fx_CACGTTCTCATCCTAT-1	37.4462528589263
P1741_09_11C2_fx_CACGTTCTCGTAGGGA-1	4.58340878533983
P1741_09_11C2_fx_CACGTTCTCTCTCTTC-1	1.59381199968697
P1741_09_11C2_fx_CAGATTGGTCGAGATG-1	37.9074433365754
P1741_09_11C2_fx_CAGATTGTCAGTGATC-1	30.0006233879819
P1741_09_11C2_fx_CAGCACGTCGGATAAA-1	37.8744828500661
P1741_09_11C2_fx_CATAAGCCATAATGCC-1	0.000130238705430941
P1741_09_11C2_fx_CATAAGCTCCTGCCAT-1	6.81426592212711
P1741_09_11C2_fx_CATACAGTCACGAACT-1	37.5352883343131
P1741_09_11C2_fx_CATCAAGCAGTTTCAG-1	0.000127525399067796
P1741_09_11C2_fx_CATCCACGTTCAAGTC-1	32.9802832408796
P1741_09_11C2_fx_CATCGCTAGACTTCCA-1	6.69618264004545
P1741_09_11C2_fx_CATGCCTTCTATCGGA-1	0.000124812092704651
P1741_09_11C2_fx_CATGCTCAGTACAACA-1	37.4462555722326
P1741_09_11C2_fx_CATTCATAGCATGATA-1	1.64368013187565
P1741_09_11C2_fx_CATTTCAAGAGCCTGA-1	1.58973776503834
P1741_09_11C2_fx_CCAATTTAGCATCAGG-1	32.8592768975793
P1741_09_11C2_fx_CCACTTGCAGAGATGC-1	25.4515060793921
P1741_09_11C2_fx_CCCAACTAGCGATGGT-1	1.88343859018793
P1741_09_11C2_fx_CCCGGAATCTCTCGCA-1	37.446258285539
P1741_09_11C2_fx_CCCTCAAAGGTGATCG-1	0.000127525399067796
P1741_09_11C2_fx_CCGAACGTCCATCTCG-1	25.602619700499
P1741_09_11C2_fx_CCGGTAGAGCTGTTAC-1	0.146545666841558
P1741_09_11C2_fx_CCGTTCAAGTAGCCAG-1	23.8270917801857
P1741_09_11C2_fx_CCTGCATGTGACTGAG-1	26.7581413309874
P1741_09_11C2_fx_CCTTCAGAGTCTGGTT-1	6.06804518834487
P1741_09_11C2_fx_CGAAGTTAGCTCCGAC-1	25.9945090988926
P1741_09_11C2_fx_CGATGCGCAATAGAGT-1	37.9074460498817
P1741_09_11C2_fx_CGATGCGTCTCCGAAA-1	3.87919619215418
P1741_09_11C2_fx_CGCGTGACAACAGCCC-1	25.965935467397
P1741_09_11C2_fx_CGGAGAAAGGTAGTAT-1	37.4462609988453
P1741_09_11C2_fx_CGGGTCAGTAGAATAC-1	31.0467436752577
P1741_09_11C2_fx_CGGTCAGCATGAATAG-1	24.8147883678382
P1741_09_11C2_fx_CGTAATGCAACTCCCT-1	37.3350814849303
P1741_09_11C2_fx_CGTCAAATCATCGGGC-1	0.0954175019119909
P1741_09_11C2_fx_CGTGCTTCAAATCGTC-1	0.633171894920784
P1741_09_11C2_fx_CTACATTAGTCATTGC-1	26.4589792306448
P1741_09_11C2_fx_CTACCCACACTAGTAC-1	32.5269200385711
P1741_09_11C2_fx_CTACCTGGTTGAGAGC-1	0.098376302773254
P1741_09_11C2_fx_CTCAACCTCCACGTCT-1	37.2907007537116
P1741_09_11C2_fx_CTCAACCTCCGGCAGT-1	32.6793151998748
P1741_09_11C2_fx_CTCAAGAGTCTAGATC-1	13.4754724299982
P1741_09_11C2_fx_CTCAGAAAGTCTGCGC-1	26.5542377019255
P1741_09_11C2_fx_CTCAGAAGTGTCCGTG-1	27.8399896920143
P1741_09_11C2_fx_CTCAGGGCAGGCACTC-1	4.50788317589565
P1741_09_11C2_fx_CTCAGTCTCATGGAGG-1	27.0873550064049
P1741_09_11C2_fx_CTCCCAATCCCGTGTT-1	25.7614270211043
P1741_09_11C2_fx_CTCCTCCTCACGGGCT-1	0.000124812092704651
P1741_09_11C2_fx_CTCTCGACACGTTGGC-1	13.3402861282309
P1741_09_11C2_fx_CTCTGGTCAGACAAGC-1	6.6099621228638
P1741_09_11C2_fx_CTGAGCGAGTGGCAGT-1	26.3203663647357
P1741_09_11C2_fx_CTGAGCGTCCATTGCC-1	4.47201154055261
P1741_09_11C2_fx_CTGCCTATCCCATAGA-1	22.7148002243133
P1741_09_11C2_fx_CTGCGAGCAACGCATT-1	35.8988265605965
P1741_09_11C2_fx_CTGTACCCACCAGCGT-1	0.000122098786341507
P1741_09_11C2_fx_CTGTGGGTCGTCCTCA-1	25.3573672741794
P1741_09_11C2_fx_CTTACCGGTTGGGCCT-1	0.000122098786341507
P1741_09_11C2_fx_CTTCTAACAGGTCAGA-1	0.776159056157645
P1741_09_11C2_fx_CTTCTCTAGCTAAACA-1	37.4462637121517
P1741_09_11C2_fx_CTTTCGGAGTCTGGAG-1	6.81426863543347
P1741_09_11C2_fx_GAAATGACAACCGCTG-1	37.4462664254581
P1741_09_11C2_fx_GAAGCGAGTAGTACGG-1	25.7420500059272
P1741_09_11C2_fx_GAAGGACAGCCATATC-1	26.5284784016905
P1741_09_11C2_fx_GAATAGATCTTGGATG-1	0.000119385479978362
P1741_09_11C2_fx_GACCAATCATCTAACG-1	6.04870105694584
P1741_09_11C2_fx_GACCTTCGTCAAAGAT-1	16.1481018359488
P1741_09_11C2_fx_GACTATGCAGTCTGGC-1	35.8880482038162
P1741_09_11C2_fx_GACTCAACACGTCGTG-1	0.0370844020650836
P1741_09_11C2_fx_GACTCTCAGTGTAGTA-1	1.75670777625608
P1741_09_11C2_fx_GACTGATGTGATGTAA-1	4.10041958825205
P1741_09_11C2_fx_GAGAAATGTTGTGCCG-1	6.91639735729505
P1741_09_11C2_fx_GAGACCCGTTGTTGTG-1	4.4836482576434
P1741_09_11C2_fx_GAGACCCTCGCTGATA-1	6.81427134873983
P1741_09_11C2_fx_GAGACTTAGCTACTAC-1	31.4961765353714
P1741_09_11C2_fx_GAGCCTGCAGAATCGG-1	4.4075485358668
P1741_09_11C2_fx_GAGGGATGTACCCAGC-1	37.4462691387644
P1741_09_11C2_fx_GAGGGTAAGCTATCTG-1	6.8142740620462
P1741_09_11C2_fx_GAGGGTACAACTTCTT-1	3.8750325084344
P1741_09_11C2_fx_GAGTCATTCCTATGGA-1	0.000116672173615218
P1741_09_11C2_fx_GAGTCTATCGTAATGC-1	26.5314303846268
P1741_09_11C2_fx_GAGTGTTCATCCTAAG-1	0.000119385479978362
P1741_09_11C2_fx_GAGTTACCATAGTCAC-1	26.768512990635
P1741_09_11C2_fx_GATCAGTAGCGAGTCA-1	25.9159178045225
P1741_09_11C2_fx_GATGAGGGTAAGCTCT-1	0
P1741_09_11C2_fx_GATGGAGAGGTTCATC-1	25.929878523856
P1741_09_11C2_fx_GATGTTGGTCAGGAGT-1	18.9637966800174
P1741_09_11C2_fx_GCAACATCAAGATGGC-1	22.7319856957295
P1741_09_11C2_fx_GCACATAAGGTTAGTA-1	3.96038150073467
P1741_09_11C2_fx_GCATCGGCACCTGCAG-1	0.000113958867252073
P1741_09_11C2_fx_GCATCGGTCAGGAACG-1	0.000111245560888928
P1741_09_11C2_fx_GCATTAGGTATCATGC-1	4.69964299013733
P1741_09_11C2_fx_GCCAGGTGTAATTAGG-1	22.7319884090359
P1741_09_11C2_fx_GCCATTCCAAATCGGG-1	6.85550421212888
P1741_09_11C2_fx_GCCCGAAAGATGGTAT-1	37.4462718520708
P1741_09_11C2_fx_GCCGATGAGCTGTACT-1	37.7193810870346
P1741_09_11C2_fx_GCCGATGGTGTCGATT-1	0.000108532254525784
P1741_09_11C2_fx_GCCTGTTAGGACCCAA-1	4.09400481958566
P1741_09_11C2_fx_GCGAGAATCATGAGAA-1	0.000116672173615218
P1741_09_11C2_fx_GCGGATCCAACACGTT-1	0.153207497056218
P1741_09_11C2_fx_GCTACCTTCGACCTAA-1	0.0177846661183318
P1741_09_11C2_fx_GCTCAAATCTGGCCTT-1	26.7275295105936
P1741_09_11C2_fx_GCTTGGGCAGTGTGCC-1	0.565562908946538
P1741_09_11C2_fx_GGAACCCGTAAGATAC-1	35.9553379942502
P1741_09_11C2_fx_GGAATGGGTCTGCATA-1	6.8820093877918
P1741_09_11C2_fx_GGAGATGGTTTACACG-1	37.4462745653772
P1741_09_11C2_fx_GGAGGATAGAATACAC-1	0.000105818948162639
P1741_09_11C2_fx_GGAGGATTCCAGTGCG-1	37.9074487631881
P1741_09_11C2_fx_GGCACGTTCTAAGGAA-1	6.06075369350531
P1741_09_11C2_fx_GGCAGTCTCATTGTTC-1	23.0764250453905
P1741_09_11C2_fx_GGCGTCAAGATAGCAT-1	23.5695113530102
P1741_09_11C2_fx_GGCGTCATCATGAGAA-1	6.81427677535256
P1741_09_11C2_fx_GGCTTGGCACGATTCA-1	4.59039157282271
P1741_09_11C2_fx_GGGACCTAGTGGACTG-1	23.8995707353475
P1741_09_11C2_fx_GGGAGATCAGAAGTTA-1	25.974364703129
P1741_09_11C2_fx_GGGAGTAGTTCGAGCC-1	37.4462772786835
P1741_09_11C2_fx_GGGCCATCATAGAAAC-1	27.18380621754
P1741_09_11C2_fx_GGGCCATTCGTGGAAG-1	4.4546189852512
P1741_09_11C2_fx_GGGTCTGGTGGCACTC-1	4.30085912358666
P1741_09_11C2_fx_GGGTCTGGTTGAGAGC-1	6.04863047382569
P1741_09_11C2_fx_GGGTTATCATCGTGGC-1	15.0943822478292
P1741_09_11C2_fx_GGTAATCTCTCTCGAC-1	6.81427948865893
P1741_09_11C2_fx_GGTGGCTCATGCCGAC-1	6.81428220196529
P1741_09_11C2_fx_GGTTAACTCCTCACTG-1	37.4462799919899
P1741_09_11C2_fx_GGTTAACTCTTCTAAC-1	6.81428491527165
P1741_09_11C2_fx_GTAACACGTACTCGAT-1	25.7614297344107
P1741_09_11C2_fx_GTAAGTCGTGACATCT-1	37.4462827052963
P1741_09_11C2_fx_GTACAACTCATTCTTG-1	26.1087668353194
P1741_09_11C2_fx_GTAGGAGTCCTAACAG-1	16.4943530415949
P1741_09_11C2_fx_GTAGTACGTGTTACTG-1	6.81428762857802
P1741_09_11C2_fx_GTCCCATGTGAGATCG-1	6.81429034188438
P1741_09_11C2_fx_GTCCTCATCGCCGAGT-1	27.0926201341169
P1741_09_11C2_fx_GTCGCGACAAAGGGCT-1	29.1643066032964
P1741_09_11C2_fx_GTGCGTGCAAGGAGTC-1	37.4462854186026
P1741_09_11C2_fx_GTGCGTGCATGACCCG-1	32.3626165836096
P1741_09_11C2_fx_GTGCTGGTCCAACACA-1	1.58974047834471
P1741_09_11C2_fx_GTGTGATTCAATCGGT-1	6.01708996186236
P1741_09_11C2_fx_GTTACAGTCTCGCTTG-1	0.651980487919633
P1741_09_11C2_fx_GTTAGACAGCGTCTCG-1	15.1070480893044
P1741_09_11C2_fx_GTTGAACTCTACGCGG-1	16.2506873756184
P1741_09_11C2_fx_GTTGCGGCATGTTTGG-1	37.446288131909
P1741_09_11C2_fx_GTTTACTGTTTGTGGT-1	0.000103105641799495
P1741_09_11C2_fx_GTTTGGAGTACTCGCG-1	28.071697222082
P1741_09_11C2_fx_TAACGACAGGTGGTTG-1	25.761432447717
P1741_09_11C2_fx_TAAGCGTTCTGAGCAT-1	15.1509835042586
P1741_09_11C2_fx_TACAACGTCATAGACC-1	32.5414330063003
P1741_09_11C2_fx_TACACCCAGACGCAGT-1	29.1213777315143
P1741_09_11C2_fx_TACGCTCAGAGTCTTC-1	37.9074514764945
P1741_09_11C2_fx_TACGCTCTCTGTTGGA-1	37.4462908452154
P1741_09_11C2_fx_TACGTCCTCTGGACCG-1	0.000113958867252073
P1741_09_11C2_fx_TACTTCATCAACGCTA-1	0.000111245560888928
P1741_09_11C2_fx_TAGACTGAGCGGATCA-1	37.4462935585217
P1741_09_11C2_fx_TAGGAGGAGACAGCTG-1	26.0301879919418
P1741_09_11C2_fx_TAGGTTGGTATTCCTT-1	0.697283134397737
P1741_09_11C2_fx_TAGTGCAAGAGACAAG-1	0.10406307447546
P1741_09_11C2_fx_TAGTGCATCGGTTAGT-1	19.0419298117235
P1741_09_11C2_fx_TATATCCAGTCTCTGA-1	37.4462962718281
P1741_09_11C2_fx_TATCTGTTCCTCCACA-1	37.4462989851345
P1741_09_11C2_fx_TATTTCGCACTCCGGA-1	13.4787204971653
P1741_09_11C2_fx_TATTTCGCAGTTCACA-1	6.0230270365435
P1741_09_11C2_fx_TCAAGACAGTGGCAGT-1	0.000108532254525784
P1741_09_11C2_fx_TCACGCTCACCGCTGA-1	16.1235005582915
P1741_09_11C2_fx_TCACTATGTCGATTTG-1	13.3904819080914
P1741_09_11C2_fx_TCAGCCTCAACCCTAA-1	22.7075133358366
P1741_09_11C2_fx_TCAGGGCGTGCAAGAC-1	6.84365101260967
P1741_09_11C2_fx_TCAGTCCTCGTTGTAG-1	31.5685725818696
P1741_09_11C2_fx_TCAGTTTTCACACCCT-1	28.5656062007116
P1741_09_11C2_fx_TCATATCAGCAATAGT-1	0.000105818948162639
P1741_09_11C2_fx_TCATATCAGCCAACCC-1	32.5441886939873
P1741_09_11C2_fx_TCATTACCAGCCTACG-1	6.71290302497609
P1741_09_11C2_fx_TCCATCGAGACAACTA-1	26.6514785162311
P1741_09_11C2_fx_TCCCATGTCTTAGGAC-1	26.0655936232575
P1741_09_11C2_fx_TCCTGCAGTGTCATCA-1	26.5284811149968
P1741_09_11C2_fx_TCCTTTCTCGAGAGCA-1	22.7259180316171
P1741_09_11C2_fx_TCGAACACAAGGCAAC-1	6.00686826230333
P1741_09_11C2_fx_TCGAACACAATGACCT-1	37.4463016984408
P1741_09_11C2_fx_TCGATTTAGACGCCCT-1	1.58974319165107
P1741_09_11C2_fx_TCGCTCATCCAAAGGG-1	0.000103105641799495
P1741_09_11C2_fx_TCGGATATCTCATTAC-1	37.4463044117472
P1741_09_11C2_fx_TCGGGACTCGTGGCGT-1	4.39405389743055
P1741_09_11C2_fx_TCGTCCAGTAGTAAGT-1	25.7614351610234
P1741_09_11C2_fx_TCTATACCACAGTCCG-1	3.91487677019672
P1741_09_11C2_fx_TCTATCAGTAACAGTA-1	37.5493429747198
P1741_09_11C2_fx_TCTGTCGAGAATCGCG-1	27.1101797351688
P1741_09_11C2_fx_TCTGTCGGTTACCTGA-1	37.4463071250536
P1741_09_11C2_fx_TCTTCCTGTTACGCCG-1	6.05350031469523
P1741_09_11C2_fx_TCTTGCGAGCTGGTGA-1	32.3858615902316
P1741_09_11C2_fx_TGAACGTCACAATCTG-1	6.0457565093671
P1741_09_11C2_fx_TGACAGTAGCCTGAGA-1	37.4463098383599
P1741_09_11C2_fx_TGACAGTGTATCACCA-1	4.40755124917316
P1741_09_11C2_fx_TGACGCGTCAGATTGC-1	27.1838089308464
P1741_09_11C2_fx_TGAGACTGTAGTGCGA-1	26.3217997760761
P1741_09_11C2_fx_TGAGGTTTCACAAGAA-1	6.81429305519074
P1741_09_11C2_fx_TGATCTTGTGTTGATC-1	6.81429576849711
P1741_09_11C2_fx_TGCAGGCAGATCGCTT-1	0.698832246974569
P1741_09_11C2_fx_TGCAGTAGTTGTCATG-1	0.0562921856323992
P1741_09_11C2_fx_TGCATCCAGATGCTTC-1	35.9553407075565
P1741_09_11C2_fx_TGCATCCCACCCAATA-1	37.4463125516663
P1741_09_11C2_fx_TGCATCCCAGTACTAC-1	0.00010039233543635
P1741_09_11C2_fx_TGCATGATCGTGGAAG-1	27.1838116441527
P1741_09_11C2_fx_TGCCGAGAGATGAAGG-1	37.4463152649727
P1741_09_11C2_fx_TGCCGAGCACCAGCTG-1	16.5279986379223
P1741_09_11C2_fx_TGCGGGTAGCAATTCC-1	35.9512921696187
P1741_09_11C2_fx_TGGAGAGCAAATGCGG-1	37.446317978279
P1741_09_11C2_fx_TGGGAGATCTACACTT-1	1.58974590495743
P1741_09_11C2_fx_TGGTACAAGATAGGGA-1	32.500633724595
P1741_09_11C2_fx_TGTAAGCAGTAAGAGG-1	5.21533718373455
P1741_09_11C2_fx_TGTAGACGTCCAGGTC-1	32.2415183110476
P1741_09_11C2_fx_TGTCAGATCGACATTG-1	6.81429848180347
P1741_09_11C2_fx_TGTCCACAGCATTTGC-1	3.93157629920359
P1741_09_11C2_fx_TGTCCCATCGCATTAG-1	37.4463206915854
P1741_09_11C2_fx_TGTGATGGTGGAGGTT-1	2.17490227287536
P1741_09_11C2_fx_TGTGGCGAGCGACTGA-1	26.7365606159366
P1741_09_11C2_fx_TGTGGCGCACACAGCC-1	9.76790290732055e-05
P1741_09_11C2_fx_TGTTCCGTCGGTGAAG-1	37.9074541898008
P1741_09_11C2_fx_TTACCATAGTCGCGAA-1	9.49657227100609e-05
P1741_09_11C2_fx_TTACCGCTCGTAGCTA-1	26.6235663651563
P1741_09_11C2_fx_TTAGGCACACATATGC-1	26.0325899807271
P1741_09_11C2_fx_TTCATGTTCTAGACAC-1	37.4463234048917
P1741_09_11C2_fx_TTCCTTCCAAAGCAAT-1	6.02302974984987
P1741_09_11C2_fx_TTCGCTGGTGTAAATG-1	29.4114933300677
P1741_09_11C2_fx_TTCTAACAGCACCTGC-1	23.9260565450184
P1741_09_11C2_fx_TTCTAGTGTAGAGGAA-1	9.22524163469163e-05
P1741_09_11C2_fx_TTCTCTCAGTGCACAG-1	0.00010039233543635
P1741_09_11C2_fx_TTCTGTATCCGTTTCG-1	6.81430119510983
P1741_09_11C2_fx_TTGAGTGCATTGAAAG-1	25.9956588601763
P1741_09_11C2_fx_TTGAGTGGTGAACGGT-1	35.9378161445502
P1741_09_11C2_fx_TTGCTGCCAAGAATGT-1	4.77946062340357
P1741_09_11C2_fx_TTGCTGCCACTTGGGC-1	1.71285752536951
P1741_09_11C2_fx_TTGGGCGGTATGAGCG-1	9.76790290732055e-05
P1741_09_11C2_fx_TTGGGTATCGATCCAA-1	16.8803536366412
P1741_09_11C2_fx_TTGTGTTCACCAGTTA-1	0.0793587785317436
P1741_09_11C2_fx_TTGTGTTTCCGCTTAC-1	6.8143039084162
P1741_09_11C2_fx_TTTACGTGTAGGAGGG-1	37.4463261181981
P1741_09_11C2_fx_TTTCACATCCGATCTC-1	4.33646146807503
P1741_09_11C2_fx_TTTCAGTCACGTATAC-1	37.9074569031072
P1741_09_11C2_fx_TTTCGATTCTTGGATG-1	8.95391099837717e-05
P1741_09_11C2_fx_TTTGGAGGTAGGTGCA-1	15.1763408688276
P1741_09_11C2_fx_TTTGTTGAGACGATAT-1	37.4463288315045
P1741_09_11C2_fx_TTTGTTGTCACTCGAA-1	37.4463315448108
P1741_10_11C2_prox_dist_AAGGTAAGTACGGATG-1	16.1235032715979
P1741_10_11C2_prox_dist_ACATCCCAGAGCCGTA-1	32.3066164162837
P1741_10_11C2_prox_dist_ACATCCCGTGATACCT-1	37.4463342581172
P1741_10_11C2_prox_dist_ACTATGGCATGTGGTT-1	1.5897486182638
P1741_10_11C2_prox_dist_ACTTCGCCAGCTGTGC-1	33.0532589036388
P1741_10_11C2_prox_dist_ACTTTCAAGACTACGG-1	0.200871401218267
P1741_10_11C2_prox_dist_AGAAGCGTCTGGAGAG-1	9.49657227100609e-05
P1741_10_11C2_prox_dist_AGATGCTTCCTGGTCT-1	33.2654580096584
P1741_10_11C2_prox_dist_AGCTACAAGCGTCAAG-1	8.68258036206271e-05
P1741_10_11C2_prox_dist_AGGGTTTGTTAAGACA-1	37.4463369714236
P1741_10_11C2_prox_dist_AGGTGTTTCATTCTTG-1	37.4463396847299
P1741_10_11C2_prox_dist_AGTCAACAGACTCAAA-1	15.2988749291292
P1741_10_11C2_prox_dist_ATACCTTTCCTCATAT-1	35.8306241159783
P1741_10_11C2_prox_dist_ATCCACCCAAGCGGAT-1	37.4463423980363
P1741_10_11C2_prox_dist_ATCGGATGTTGACGGA-1	37.4463451113427
P1741_10_11C2_prox_dist_ATCGGCGGTACTGCCG-1	31.609304433754
P1741_10_11C2_prox_dist_ATGGGTTCACACAGCC-1	27.1485205290395
P1741_10_11C2_prox_dist_ATGGTTGTCTGTCGTC-1	26.5495873328398
P1741_10_11C2_prox_dist_ATTCTACCACACGGAA-1	31.1742850298408
P1741_10_11C2_prox_dist_CACAACATCGTGTGGC-1	33.9531198459141
P1741_10_11C2_prox_dist_CATGCAAAGATTGAGT-1	9.22524163469163e-05
P1741_10_11C2_prox_dist_CCACACTGTTACCGTA-1	32.2333460496977
P1741_10_11C2_prox_dist_CCACCATTCCTTCTTC-1	37.446347824649
P1741_10_11C2_prox_dist_CCCGGAAAGCTAAGTA-1	37.4463505379554
P1741_10_11C2_prox_dist_CCCTAACCATGACAAA-1	37.4463532512618
P1741_10_11C2_prox_dist_CCTCCTCAGTCGAAGC-1	37.4463559645681
P1741_10_11C2_prox_dist_CCTCCTCGTGATTCAC-1	37.4463586778745
P1741_10_11C2_prox_dist_CCTTGTGAGAATCGCG-1	17.0248053790062
P1741_10_11C2_prox_dist_CGAGGCTGTAGATGTA-1	37.9074596164136
P1741_10_11C2_prox_dist_CGTAATGCATGCAGCC-1	8.95391099837717e-05
P1741_10_11C2_prox_dist_CTAACCCAGTGAGCCA-1	4.52069569147916
P1741_10_11C2_prox_dist_CTCACTGCATTGGGAG-1	32.8684271955388
P1741_10_11C2_prox_dist_CTCGAGGAGTGAGTGC-1	8.68258036206271e-05
P1741_10_11C2_prox_dist_CTGAATGAGCAACTTC-1	26.076967032593
P1741_10_11C2_prox_dist_CTTCGGTAGCTGACAG-1	35.8727616670354
P1741_10_11C2_prox_dist_CTTGATTAGAATGTTG-1	8.41124972574825e-05
P1741_10_11C2_prox_dist_GAAGGACAGAAGTCCG-1	15.4301545242405
P1741_10_11C2_prox_dist_GACGTTAGTGCTTATG-1	27.0782393008685
P1741_10_11C2_prox_dist_GAGGCAATCAGACCGC-1	4.32991445019503
P1741_10_11C2_prox_dist_GATTTCTCAGGAACCA-1	4.50295974765288
P1741_10_11C2_prox_dist_GCAGCCATCGTCGCTT-1	0.476694320659777
P1741_10_11C2_prox_dist_GCCGATGCACTCAAGT-1	37.4463613911809
P1741_10_11C2_prox_dist_GGAATCTGTACATTGC-1	4.40755396247952
P1741_10_11C2_prox_dist_GGGATCCTCTGGTGCG-1	26.5685216442778
P1741_10_11C2_prox_dist_GGGTATTAGCAAGTGC-1	25.3973310301009
P1741_10_11C2_prox_dist_GTAAGTCGTCCGGATC-1	16.2256623180467
P1741_10_11C2_prox_dist_GTAGGAGAGCATCTTG-1	35.2494831056635
P1741_10_11C2_prox_dist_GTATTGGCAGACCAAG-1	27.8399924053207
P1741_10_11C2_prox_dist_GTCCACTGTTTCACAG-1	0.062732415428798
P1741_10_11C2_prox_dist_GTCGAATCAATCAGCT-1	3.06114563076324
P1741_10_11C2_prox_dist_GTCGTAACACGACGTC-1	37.4463641044872
P1741_10_11C2_prox_dist_GTGGTTAGTAATGATG-1	15.2881069056661
P1741_10_11C2_prox_dist_GTTACGATCAACGCTA-1	37.7719291592044
P1741_10_11C2_prox_dist_GTTGCGGGTAGGCTGA-1	37.4884594067351
P1741_10_11C2_prox_dist_GTTGTGACAGTGTGGA-1	32.942703842236
P1741_10_11C2_prox_dist_GTTTACTCAATTCGTG-1	3.05504337626593
P1741_10_11C2_prox_dist_TAAGCGTTCTAGTACG-1	16.1235059849042
P1741_10_11C2_prox_dist_TACCGGGTCTAGAGCT-1	35.6344602927194
P1741_10_11C2_prox_dist_TATCTTGCAGATCACT-1	27.1838143574591
P1741_10_11C2_prox_dist_TCAGCAAGTAATGCGG-1	25.9692861089772
P1741_10_11C2_prox_dist_TCCCATGTCAGTGATC-1	0.0173439350993601
P1741_10_11C2_prox_dist_TCCGGGAGTTTCCAAG-1	8.13991908943379e-05
P1741_10_11C2_prox_dist_TCTCCGAAGCAATTAG-1	25.7614378743298
P1741_10_11C2_prox_dist_TCTGCCAGTATGATCC-1	4.40755667578589
P1741_10_11C2_prox_dist_TCTGGCTGTATACCTG-1	32.4853720889479
P1741_10_11C2_prox_dist_TCTTAGTCACCAGTTA-1	37.9074623297199
P1741_10_11C2_prox_dist_TCTTTGATCTTCACGC-1	15.3168344966114
P1741_10_11C2_prox_dist_TGCATGAAGAATCGTA-1	25.5705823097417
P1741_10_11C2_prox_dist_TGCGACGAGTAAAGCT-1	37.9074650430263
P1741_10_11C2_prox_dist_TGCGGCACATAACTCG-1	37.9074677563327
P1741_10_11C2_prox_dist_TGGAACTAGCCAAGGT-1	33.0734260502432
P1741_10_11C2_prox_dist_TGTGGCGGTGAAAGTT-1	8.41124972574825e-05
P1741_10_11C2_prox_dist_TGTTGGAAGGAGTATT-1	25.8757114362392
P1741_10_11C2_prox_dist_TTACCGCAGGAGGCAG-1	23.885812576019
P1741_10_11C2_prox_dist_TTACGCCGTATCCTTT-1	32.2234378594097
P1741_10_11C2_prox_dist_TTCACCGGTCACCGCA-1	37.4463668177936
P1741_10_11C2_prox_dist_TTCAGGATCCCTCGTA-1	32.5342205910519
P1741_10_11C2_prox_dist_TTCTAACAGATTGTGA-1	35.9522171043964
P1741_10_11C2_prox_dist_TTGCCTGCAAAGGTTA-1	36.4540451701326
P1741_10_11C2_prox_dist_TTGCCTGCAGGGACTA-1	4.52407075341349
P1741_10_11C2_prox_dist_TTTGTTGAGTTCTACG-1	27.0782420141749
P1741_10_11C2_prox_dist_AAGTCGTAGGGTACAC-1	30.3898540558706
P1741_10_11C2_prox_dist_ACCATTTAGACTCATC-1	7.86858845311933e-05
P1741_10_11C2_prox_dist_ACCCTCACAGAACTAA-1	7.59725781680487e-05
P1741_10_11C2_prox_dist_ACGATGTTCTCCCTAG-1	3.02733572124676
P1741_10_11C2_prox_dist_ACTCTCGAGTTCCGGC-1	23.9260592583248
P1741_10_11C2_prox_dist_AGACCCGAGGCAGGTT-1	7.32592718049041e-05
P1741_10_11C2_prox_dist_AGCATCACAGGCGAAT-1	23.7751827270807
P1741_10_11C2_prox_dist_AGCGATTCAACACAGG-1	35.8776342896484
P1741_10_11C2_prox_dist_AGCGTCGTCGCTTACC-1	6.06264590686188
P1741_10_11C2_prox_dist_AGGGAGTTCAGGAAGC-1	8.13991908943379e-05
P1741_10_11C2_prox_dist_ATACCTTAGGAATTAC-1	3.83719902430576
P1741_10_11C2_prox_dist_ATAGGCTCACCATTCC-1	26.5284838283032
P1741_10_11C2_prox_dist_ATCCCTGAGAGATTCA-1	24.4929496284782
P1741_10_11C2_prox_dist_ATCTCTATCTAAGGAA-1	30.3505563596688
P1741_10_11C2_prox_dist_ATGCGATTCCTACTGC-1	16.1235086982106
P1741_10_11C2_prox_dist_ATGGAGGAGGGCGAAG-1	19.9469025876813
P1741_10_11C2_prox_dist_CAAAGAAGTAGGGAGG-1	23.8486635768062
P1741_10_11C2_prox_dist_CAACGGCTCTTACACT-1	6.81430662172256
P1741_10_11C2_prox_dist_CATGCGGAGGCTTAAA-1	16.6001233118828
P1741_10_11C2_prox_dist_CCAATGAAGTGATTCC-1	15.3352164905246
P1741_10_11C2_prox_dist_CCGAACGTCAAGGCTT-1	37.4463695311
P1741_10_11C2_prox_dist_CCGGACACAAACCATC-1	37.4463722444063
P1741_10_11C2_prox_dist_CCGGGTAAGTCATGGG-1	2.99326738435519
P1741_10_11C2_prox_dist_CCTACGTGTATCGTGT-1	37.4463749577127
P1741_10_11C2_prox_dist_CCTGTTGCACGACGCT-1	0.000901401930293755
P1741_10_11C2_prox_dist_CGAAGGAAGCAAATCA-1	7.05459654417595e-05
P1741_10_11C2_prox_dist_CGCGTGATCCACTTCG-1	34.0683062703449
P1741_10_11C2_prox_dist_CGGGCATAGCCGATCC-1	3.84714443987271
P1741_10_11C2_prox_dist_CGTTGGGCATTCTTCA-1	27.7372759791551
P1741_10_11C2_prox_dist_CTAAGTGAGAAGTATC-1	19.1437503597313
P1741_10_11C2_prox_dist_CTACGGGCATGACGTT-1	33.6076410164881
P1741_10_11C2_prox_dist_CTCCGATAGATTGTGA-1	6.07140637449924
P1741_10_11C2_prox_dist_CTCTGGTAGCACTCCG-1	16.4612280275625
P1741_10_11C2_prox_dist_GAAGGGTAGATCCAAA-1	19.1343723843587
P1741_10_11C2_prox_dist_GACCAATCAGCGTGAA-1	4.40755938909225
P1741_10_11C2_prox_dist_GACGCTGCAGATAAAC-1	37.4463776710191
P1741_10_11C2_prox_dist_GAGAAATAGGGACAGG-1	25.5368994833828
P1741_10_11C2_prox_dist_GAGACCCAGCCTCTGG-1	32.5429268444404
P1741_10_11C2_prox_dist_GAGAGGTTCCACTGGG-1	33.6663450313783
P1741_10_11C2_prox_dist_GAGCTGCTCCAATGCA-1	23.0764277586969
P1741_10_11C2_prox_dist_GAGTCTAGTCCGAAAG-1	5.72635560840043
P1741_10_11C2_prox_dist_GAGTTGTTCACTTTGT-1	26.5284865416096
P1741_10_11C2_prox_dist_GATAGAAGTCGTCGGT-1	6.78326590786149e-05
P1741_10_11C2_prox_dist_GCAACATAGACATATG-1	6.51193527154703e-05
P1741_10_11C2_prox_dist_GCAACATCAGTAACCT-1	37.4463803843254
P1741_10_11C2_prox_dist_GCAGGCTGTAATGCTC-1	0.611711101905914
P1741_10_11C2_prox_dist_GCAGGCTTCCCGTGAG-1	35.9553434208629
P1741_10_11C2_prox_dist_GCCAGGTTCTCCGATC-1	17.1425252537871
P1741_10_11C2_prox_dist_GGCACGTGTCGAGATG-1	7.86858845311933e-05
P1741_10_11C2_prox_dist_GGGAGTAGTATACCTG-1	4.14493231516695
P1741_10_11C2_prox_dist_GGGTGTCTCTGTGCAA-1	6.06264862016825
P1741_10_11C2_prox_dist_GGTGATTTCGACTCCT-1	4.30732641579529
P1741_10_11C2_prox_dist_GGTTGTAGTCATTGCA-1	32.5342233043583
P1741_10_11C2_prox_dist_GGTTGTAGTTTCCCAC-1	37.4463830976318
P1741_10_11C2_prox_dist_GTAGGTTAGGTAATCA-1	6.81430933502893
P1741_10_11C2_prox_dist_GTCATGACATTGCTGA-1	7.59725781680487e-05
P1741_10_11C2_prox_dist_GTCATGATCTATTGTC-1	6.81431204833529
P1741_10_11C2_prox_dist_GTGAGGAAGCCATCCG-1	24.4479144079745
P1741_10_11C2_prox_dist_GTTGTAGCATTGCCGG-1	7.32592718049041e-05
P1741_10_11C2_prox_dist_TAAGCGTCAGGCGTTC-1	1.58975133157016
P1741_10_11C2_prox_dist_TAAGTCGGTTCAAACC-1	2.1991556062364
P1741_10_11C2_prox_dist_TACCGAAAGAGTCTGG-1	0.671449467561976
P1741_10_11C2_prox_dist_TCAGTCCTCTACGCGG-1	4.33549465740776
P1741_10_11C2_prox_dist_TCAGTGAGTTTAGTCG-1	6.81431476164165
P1741_10_11C2_prox_dist_TCATTTGCATATGGCT-1	25.3967670150725
P1741_10_11C2_prox_dist_TCCTAATTCACAGTGT-1	29.433144753587
P1741_10_11C2_prox_dist_TCCTGCATCGGTTAGT-1	13.487628946315
P1741_10_11C2_prox_dist_TCGAACAAGCCGTTAT-1	25.9727696451908
P1741_10_11C2_prox_dist_TCGACCTGTGGAACAC-1	6.04806944696827
P1741_10_11C2_prox_dist_TCGCAGGTCCCTCAAC-1	7.05459654417595e-05
P1741_10_11C2_prox_dist_TCGTAGAAGCCTGTCG-1	3.92987431521181
P1741_10_11C2_prox_dist_TCTCACGAGTCGGCAA-1	0.0442243524633743
P1741_10_11C2_prox_dist_TCTCAGCAGGTGAGCT-1	4.08539910528019
P1741_10_11C2_prox_dist_TGACAGTCACCCTTGT-1	23.9079866928611
P1741_10_11C2_prox_dist_TGAGACTGTCACTAGT-1	28.6157302247052
P1741_10_11C2_prox_dist_TGAGCATCAGGTGACA-1	0.0107002476335536
P1741_10_11C2_prox_dist_TGCGATAAGGGCAAGG-1	34.8374719707341
P1741_10_11C2_prox_dist_TGGAGAGAGCTGGCTC-1	28.4892964344979
P1741_10_11C2_prox_dist_TTACAGGAGCCGGATA-1	23.9260619716311
P1741_10_11C2_prox_dist_TTCCTTCCACGCGCTA-1	37.4463858109382
P1741_10_11C2_prox_dist_TTCGCTGTCTAAGAAG-1	6.78326590786149e-05
P1741_10_11C2_prox_dist_TTTATGCGTGCCGTTG-1	26.060976798074
P1741_11_11C5_fx_AACAACCTCATCGTAG-1	0.108289407213805
P1741_11_11C5_fx_AACCAACAGCTTTGTG-1	1.59625050314649
P1741_11_11C5_fx_AACCAACCATCTTAGG-1	37.4463885242445
P1741_11_11C5_fx_AACCAACTCGTCAGAT-1	32.4342770215626
P1741_11_11C5_fx_AACCCAACAAAGGCTG-1	35.8460258082626
P1741_11_11C5_fx_AACGTCACATCTTTCA-1	30.4569206933584
P1741_11_11C5_fx_AAGCCATCAGTAACGG-1	27.1256304659297
P1741_11_11C5_fx_AATGGAAAGCACTCTA-1	27.0782447274812
P1741_11_11C5_fx_AATTTCCCACATACTG-1	25.9816299132414
P1741_11_11C5_fx_AATTTCCCACCCTTGT-1	0.0217835554008037
P1741_11_11C5_fx_ACAACCAAGCTACTAC-1	36.4595999766948
P1741_11_11C5_fx_ACCATTTGTCTGTCCT-1	35.9553461341693
P1741_11_11C5_fx_ACCCTTGCATCCTTGC-1	4.77563800109021
P1741_11_11C5_fx_ACCGTTCCAGCGTTTA-1	24.914749807356
P1741_11_11C5_fx_ACCTGAAGTACAGGTG-1	37.8250603154083
P1741_11_11C5_fx_ACGTAGTCAAACCGGA-1	37.4463912375509
P1741_11_11C5_fx_ACTACGAAGAGCATAT-1	6.51193527154703e-05
P1741_11_11C5_fx_ACTGCAACATCCGGCA-1	6.24060463523257e-05
P1741_11_11C5_fx_ACTTCCGGTGCATCTA-1	37.4463939508572
P1741_11_11C5_fx_AGAAGCGGTCACTTCC-1	0.0438940061729651
P1741_11_11C5_fx_AGAAGTACACGGCTAC-1	0.035126798618927
P1741_11_11C5_fx_AGAAGTAGTGACTATC-1	4.23313926753146
P1741_11_11C5_fx_AGACAAACAGTGGCTC-1	35.9017192800207
P1741_11_11C5_fx_AGACAAATCTACAGGT-1	28.491959338447
P1741_11_11C5_fx_AGACCATCATCACGGC-1	27.1838170707654
P1741_11_11C5_fx_AGAGAATAGGAACTCG-1	0.0466206544803778
P1741_11_11C5_fx_AGCCAGCTCCGCAGTG-1	31.0773150325116
P1741_11_11C5_fx_AGGAAATAGCTAAACA-1	30.0872490779619
P1741_11_11C5_fx_AGGAATAGTCCTATAG-1	0.107121641422049
P1741_11_11C5_fx_AGGATAATCCTACACC-1	17.3321238726101
P1741_11_11C5_fx_AGGGTCCCACTAGGTT-1	5.96927399891811e-05
P1741_11_11C5_fx_AGGTTGTTCGCCGTGA-1	1.67695977220919
P1741_11_11C5_fx_AGTCAACCAAGGCCTC-1	6.62561013358532
P1741_11_11C5_fx_AGTGTTGTCTGAACGT-1	24.6918297182062
P1741_11_11C5_fx_AGTTCGACACGGGCTT-1	25.5393890391434
P1741_11_11C5_fx_ATCACAGCAGCACCCA-1	4.40756210239861
P1741_11_11C5_fx_ATCCCTGAGGCTGAAC-1	32.7541219142686
P1741_11_11C5_fx_ATCCGTCCATAGAATG-1	23.7170329459464
P1741_11_11C5_fx_ATTCACTGTTCAAAGA-1	37.4463966641636
P1741_11_11C5_fx_ATTGTTCTCAATCGGT-1	32.8330451500386
P1741_11_11C5_fx_CAACCAAAGTCTAACC-1	4.40756481570498
P1741_11_11C5_fx_CAACCTCAGATGAATC-1	26.6083589050238
P1741_11_11C5_fx_CAAGACTAGCAACAAT-1	6.24060463523257e-05
P1741_11_11C5_fx_CAAGGGATCTGCACCT-1	37.44639937747
P1741_11_11C5_fx_CACAGATGTCTGGTTA-1	37.7323749653595
P1741_11_11C5_fx_CACGGGTCATGGAGAC-1	5.96927399891811e-05
P1741_11_11C5_fx_CACGTTCTCTACTATC-1	23.6117891398399
P1741_11_11C5_fx_CACTGAAGTACCGGCT-1	5.69794336260365e-05
P1741_11_11C5_fx_CAGCACGAGGCAGCTA-1	4.63423088903573
P1741_11_11C5_fx_CATAGACTCATCACCC-1	4.49105163200144
P1741_11_11C5_fx_CATGCGGAGAGGACTC-1	1.58975404487652
P1741_11_11C5_fx_CATTCTACAAATCGGG-1	20.1336072637914
P1741_11_11C5_fx_CATTGAGGTACAGAAT-1	37.4464020907763
P1741_11_11C5_fx_CATTGCCCACTCCTGT-1	0
P1741_11_11C5_fx_CCACGAGGTAGCTCGC-1	0.784531937097278
P1741_11_11C5_fx_CCACTTGGTTCGATTG-1	5.69794336260365e-05
P1741_11_11C5_fx_CCCTTAGCACCCATAA-1	15.347227034747
P1741_11_11C5_fx_CCGCAAGCACTAACCA-1	36.5617721163741
P1741_11_11C5_fx_CCTCAACTCACTCGAA-1	28.1408399559995
P1741_11_11C5_fx_CCTCAGTAGCGTATAA-1	6.81431747494802
P1741_11_11C5_fx_CCTCAGTCAGGTGTGA-1	2.83861462715733
P1741_11_11C5_fx_CCTCAGTGTGATATAG-1	3.96240460909828
P1741_11_11C5_fx_CCTCCAATCACGTAGT-1	0.0173466484057232
P1741_11_11C5_fx_CCTGTTGAGTGGCGAT-1	25.4698940563295
P1741_11_11C5_fx_CGAGAAGTCTCCGATC-1	27.1040855435356
P1741_11_11C5_fx_CGGAATTCATAATGCC-1	5.42661272628919e-05
P1741_11_11C5_fx_CGTGCTTAGCGACATG-1	5.42661272628919e-05
P1741_11_11C5_fx_CTAAGTGTCCCGAACG-1	32.6663388079477
P1741_11_11C5_fx_CTACCTGAGTGGAAAG-1	27.0782474407876
P1741_11_11C5_fx_CTCATGCGTAACGATA-1	16.4088381256229
P1741_11_11C5_fx_CTCCACACAATCTCGA-1	5.15528208997473e-05
P1741_11_11C5_fx_CTCCCAATCCGCGGAT-1	37.4464048040827
P1741_11_11C5_fx_CTCCCTCCAATATCCG-1	2.20892713684331
P1741_11_11C5_fx_CTCTCAGAGGTTTACC-1	0.47669703396614
P1741_11_11C5_fx_CTCTCAGCAACAAAGT-1	4.28279028509995
P1741_11_11C5_fx_CTGAGCGAGAACGTGC-1	31.6093071470603
P1741_11_11C5_fx_CTGGTCTCAGTTGTTG-1	23.8954747931316
P1741_11_11C5_fx_CTTCCTTCAGTCCCGA-1	23.9260646849375
P1741_11_11C5_fx_CTTCTCTGTTGTCTAG-1	4.88395145366027e-05
P1741_11_11C5_fx_CTTTCAAAGTGGCGAT-1	0.0173493617120863
P1741_11_11C5_fx_GAATCGTCATGGGCAA-1	19.1834387839606
P1741_11_11C5_fx_GACGTTAAGCGATGCA-1	1.65546177511877
P1741_11_11C5_fx_GACTCAATCTACCCAC-1	23.7327489308073
P1741_11_11C5_fx_GAGACCCTCCCTGGTT-1	2.47662801976841
P1741_11_11C5_fx_GAGGGATGTTCCATTT-1	15.2987067551499
P1741_11_11C5_fx_GAGGGTAAGACGAGCT-1	37.2041066099312
P1741_11_11C5_fx_GAGTCATAGCCTGAGA-1	27.1112873458608
P1741_11_11C5_fx_GAGTCATGTGTGAATA-1	4.40756752901134
P1741_11_11C5_fx_GATCCCTGTTGGAGAC-1	0.0380440733479439
P1741_11_11C5_fx_GATGATCTCCATCGTC-1	4.26587163822557
P1741_11_11C5_fx_GATTCGACACGGCACT-1	0.0157499440786468
P1741_11_11C5_fx_GCACTAAGTGGACCAA-1	4.77564071439657
P1741_11_11C5_fx_GCAGCCATCAAACCCA-1	28.6082618500111
P1741_11_11C5_fx_GCATCGGCAGTAGTGG-1	1.72453961728383
P1741_11_11C5_fx_GCATCTCTCGTGTCAA-1	4.61262081734581e-05
P1741_11_11C5_fx_GCCGTGAAGGAGTACC-1	4.34129018103135e-05
P1741_11_11C5_fx_GCGTGCATCCTTCAGC-1	6.04805276416429
P1741_11_11C5_fx_GCGTTTCGTTCGGTCG-1	4.06995954471689e-05
P1741_11_11C5_fx_GCTACAATCGGCTGTG-1	23.9260673982438
P1741_11_11C5_fx_GGAATCTTCAAGGCTT-1	0.0173520750184495
P1741_11_11C5_fx_GGACGTCAGTGATAAC-1	32.5342260176646
P1741_11_11C5_fx_GGAGATGCAGGAGGAG-1	3.79862890840243e-05
P1741_11_11C5_fx_GGAGGATCAAGGTCTT-1	29.9908599798173
P1741_11_11C5_fx_GGCAGTCGTAGAATGT-1	30.013573285111
P1741_11_11C5_fx_GGCTGTGGTATGGTTC-1	4.62401317665102
P1741_11_11C5_fx_GGCTTGGCACTGCGTG-1	28.5490111213537
P1741_11_11C5_fx_GGCTTGGGTCACTGAT-1	27.8399951186271
P1741_11_11C5_fx_GGCTTTCAGCCACAAG-1	3.52729827208798e-05
P1741_11_11C5_fx_GGGACTCGTCTGATCA-1	27.1838197840718
P1741_11_11C5_fx_GGGATCCCACGGTGTC-1	32.9214883161415
P1741_11_11C5_fx_GGTTAACAGCGTTGTT-1	5.15528208997473e-05
P1741_11_11C5_fx_GTAGATCTCTTGGTCC-1	25.5328385686453
P1741_11_11C5_fx_GTAGCTAGTGTTATCG-1	32.2214803687901
P1741_11_11C5_fx_GTCCACTCAAGCAATA-1	32.2716854441144
P1741_11_11C5_fx_GTCGCGATCCGCTAGG-1	26.5284892549159
P1741_11_11C5_fx_GTCTACCAGCTAGTTC-1	37.0122850883546
P1741_11_11C5_fx_GTGAGTTCAATTGCCA-1	17.2921839961828
P1741_11_11C5_fx_GTGTAACCAGAGGTAC-1	34.8734291417002
P1741_11_11C5_fx_GTTCCGTCAACACGTT-1	0.018492519559151
P1741_11_11C5_fx_GTTGCTCCAACAGCTT-1	6.81432018825438
P1741_11_11C5_fx_GTTTGGAAGACATACA-1	4.75951007054492
P1741_11_11C5_fx_GTTTGGATCTGTGCAA-1	24.9683347079164
P1741_11_11C5_fx_TAATCTCAGACGATAT-1	2.68281400384106
P1741_11_11C5_fx_TAATCTCTCTATCACT-1	0.574709341392111
P1741_11_11C5_fx_TACAGGTGTGAGTGAC-1	0.00656825392267013
P1741_11_11C5_fx_TACTTACGTTGTGCAT-1	15.2036227546484
P1741_11_11C5_fx_TAGGTTGCACGAGAAC-1	30.4376241257674
P1741_11_11C5_fx_TATCTGTTCGTACCTC-1	37.4464075173891
P1741_11_11C5_fx_TATTGGGTCAAACGAA-1	23.9260701115502
P1741_11_11C5_fx_TCAAGCACAGCGCTTG-1	0.476699747272503
P1741_11_11C5_fx_TCAAGTGAGGAAAGTG-1	24.8030929424388
P1741_11_11C5_fx_TCACTCGCATCCTCAC-1	32.534228730971
P1741_11_11C5_fx_TCACTCGGTTTCCAAG-1	4.77564342770294
P1741_11_11C5_fx_TCAGCAAGTAGAATGT-1	31.4347552246871
P1741_11_11C5_fx_TCAGTGAAGGAACTCG-1	4.88395145366027e-05
P1741_11_11C5_fx_TCATGCCCAATAGTCC-1	3.80423371079257
P1741_11_11C5_fx_TCCAGAAGTACAAGTA-1	15.1373590289941
P1741_11_11C5_fx_TCCGGGAGTACCGGCT-1	6.91621293535053
P1741_11_11C5_fx_TCCGGGATCCAGCAAT-1	4.61262081734581e-05
P1741_11_11C5_fx_TCCTGCACAAAGGCGT-1	2.92394578633071
P1741_11_11C5_fx_TCGAAGTGTCATTCCC-1	26.5739412074846
P1741_11_11C5_fx_TCGCTCAAGTCAGGGT-1	4.7756461410093
P1741_11_11C5_fx_TCGGGTGAGTCACACT-1	3.25596763577352e-05
P1741_11_11C5_fx_TCGGTCTCAGAGCCCT-1	32.6112967762955
P1741_11_11C5_fx_TCGGTCTTCAGCTCTC-1	4.34129018103135e-05
P1741_11_11C5_fx_TCTATACTCTTGCGCT-1	6.81432290156074
P1741_11_11C5_fx_TCTCACGCACTGAGGA-1	0.0205786441812474
P1741_11_11C5_fx_TCTCCGACAAGCGATG-1	30.0121466116624
P1741_11_11C5_fx_TCTTAGTTCCCGTTCA-1	0.028844171764709
P1741_11_11C5_fx_TCTTCCTAGTCTGCGC-1	2.98463699945906e-05
P1741_11_11C5_fx_TGAGGAGAGTAGAGTT-1	32.7703566844323
P1741_11_11C5_fx_TGAGTCATCACCTCTG-1	30.4100643548922
P1741_11_11C5_fx_TGCAGATAGGGTTAAT-1	24.6736993030032
P1741_11_11C5_fx_TGCAGGCCAGTTGAAA-1	0.0502597883714846
P1741_11_11C5_fx_TGGAGGACATATACCG-1	27.8399978319334
P1741_11_11C5_fx_TGGTACACAATAGTGA-1	4.06995954471689e-05
P1741_11_11C5_fx_TGTAAGCTCCCATAGA-1	15.3404835419025
P1741_11_11C5_fx_TGTCAGAGTTAATCGC-1	2.17447990636912
P1741_11_11C5_fx_TGTCCTGAGACGTCGA-1	0.0277707416243436
P1741_11_11C5_fx_TGTGGCGGTCCACACG-1	2.7133063631446e-05
P1741_11_11C5_fx_TGTTTGTTCATTCCTA-1	4.4286268313031
P1741_11_11C5_fx_TTACCGCGTTGTTGAC-1	28.0581225299019
P1741_11_11C5_fx_TTCAATCAGGCGATAC-1	37.907470469639
P1741_11_11C5_fx_TTCAATCGTAAGCAAT-1	3.79862890840243e-05
P1741_11_11C5_fx_TTCACCGCATCGCTCT-1	4.40757024231771
P1741_11_11C5_fx_TTCCTTCCAGCTTTCC-1	4.77564885431566
P1741_11_11C5_fx_TTCGCTGCACGAGGAT-1	37.4464102306954
P1741_11_11C5_fx_TTCTAGTCAGTCTACA-1	2.44197572683014e-05
P1741_11_11C5_fx_TTCTGTAAGTCTTCGA-1	22.7319911223422
P1741_11_11C5_fx_TTGCATTAGAGCTTTC-1	37.4464129440018
P1741_11_11C5_fx_TTGCGTCCAGGTGTGA-1	23.7238626747074
P1741_11_11C5_fx_TTGGATGCAAGTGGTG-1	28.0581252432082
P1741_11_11C5_fx_TTGGGTATCCGTAGTA-1	33.6326077722267
P1741_11_11C5_fx_TTTGGAGTCATGCCCT-1	4.00855236607578
P1741_12_11C5_prox_dist_AAGTGAATCCTGTAGA-1	0.722876276629555
P1741_12_11C5_prox_dist_ACAAAGAAGGAGACCT-1	4.0089200357197
P1741_12_11C5_prox_dist_ACAACCAAGGATACGC-1	2.17064509051568e-05
P1741_12_11C5_prox_dist_ACATCGAAGGTTCTTG-1	30.359792168711
P1741_12_11C5_prox_dist_ACATCGACAAGCACAG-1	28.5084642192969
P1741_12_11C5_prox_dist_ACCATTTTCTCCACTG-1	6.02303246315623
P1741_12_11C5_prox_dist_ACGTAACGTTTGTGGT-1	1.89931445420122e-05
P1741_12_11C5_prox_dist_ACTCTCGAGTAAACTG-1	3.52729827208798e-05
P1741_12_11C5_prox_dist_ACTGCAAGTTCAAGTC-1	29.4676146454979
P1741_12_11C5_prox_dist_AGAAGTAAGCGTTGTT-1	0.0534075420940381
P1741_12_11C5_prox_dist_AGACAGGAGCATGTTC-1	3.25596763577352e-05
P1741_12_11C5_prox_dist_AGCCAGCTCATCGACA-1	29.1191147353756
P1741_12_11C5_prox_dist_AGGCCACTCCTTCTGG-1	0.529291728061823
P1741_12_11C5_prox_dist_AGGGTGAGTATCGTTG-1	0.0612691898398219
P1741_12_11C5_prox_dist_AGGTCATGTGTGAATA-1	0.0312701725300948
P1741_12_11C5_prox_dist_AGGTTACGTTCGAACT-1	25.9199767733512
P1741_12_11C5_prox_dist_AGTCATGTCGCTACAA-1	23.9447025019325
P1741_12_11C5_prox_dist_ATCCTATCATGACGGA-1	37.7433433974596
P1741_12_11C5_prox_dist_ATGGGTTCATGGAACG-1	23.6544481262414
P1741_12_11C5_prox_dist_CAACAGTAGCGACCCT-1	37.4464156573082
P1741_12_11C5_prox_dist_CACATGATCCCATAGA-1	2.98463699945906e-05
P1741_12_11C5_prox_dist_CAGTTCCCAGTTTCAG-1	0.696536989277683
P1741_12_11C5_prox_dist_CATGCTCGTCCGAAAG-1	19.070932190493
P1741_12_11C5_prox_dist_CATTGCCGTATCAGCT-1	15.5755651153388
P1741_12_11C5_prox_dist_CCACGTTCAACACGAG-1	23.851326433395
P1741_12_11C5_prox_dist_CCGCAAGCAGGATTCT-1	31.6093098603667
P1741_12_11C5_prox_dist_CCGTAGGCAGTCTTCC-1	16.123511411517
P1741_12_11C5_prox_dist_CCGTTCAGTCGAGCTC-1	13.3861961089214
P1741_12_11C5_prox_dist_CCTCTAGAGGTTGGAC-1	0.107109310734431
P1741_12_11C5_prox_dist_CGAGGAACACGCAAAG-1	0.0618973049022058
P1741_12_11C5_prox_dist_CGTTAGAGTACAACGG-1	0.183532711521447
P1741_12_11C5_prox_dist_CTAGGTAGTACCACGC-1	6.05392604999423
P1741_12_11C5_prox_dist_CTCAGGGCACATGAAA-1	2.11138314838947
P1741_12_11C5_prox_dist_CTCCAACTCGTGTGAT-1	37.4464183706145
P1741_12_11C5_prox_dist_CTCCATGAGACCGCCT-1	2.181294570968
P1741_12_11C5_prox_dist_CTGCATCAGATCGCCC-1	1.62798381788676e-05
P1741_12_11C5_prox_dist_CTTCGGTAGGGATGTC-1	19.1087274926495
P1741_12_11C5_prox_dist_CTTCTCTAGTTGCTCA-1	18.945163562761
P1741_12_11C5_prox_dist_GACTATGAGAGTTGAT-1	24.9408452210994
P1741_12_11C5_prox_dist_GACTCAACACCCTAAA-1	23.8486662901125
P1741_12_11C5_prox_dist_GATAGCTTCAAGCTGT-1	2.7133063631446e-05
P1741_12_11C5_prox_dist_GCACGGTCATAAGCAA-1	23.9260728248566
P1741_12_11C5_prox_dist_GCAGCTGTCGTAGCCG-1	1.3566531815723e-05
P1741_12_11C5_prox_dist_GCATTAGAGGTTTGAA-1	37.9074731829454
P1741_12_11C5_prox_dist_GGACGTCGTGCATACT-1	5.58906023978883
P1741_12_11C5_prox_dist_GGCAGTCCAAGAGTTA-1	18.9930175737176
P1741_12_11C5_prox_dist_GGCAGTCCACCTGAAT-1	37.4464210839209
P1741_12_11C5_prox_dist_GGGTCACGTAGATTAG-1	37.4464237972273
P1741_12_11C5_prox_dist_GGTAACTCATGGGTCC-1	2.44197572683014e-05
P1741_12_11C5_prox_dist_GTAACCACAGGCACTC-1	4.77565156762203
P1741_12_11C5_prox_dist_GTAGAGGAGTCTGTAC-1	1.58975675818289
P1741_12_11C5_prox_dist_GTAGGAGAGAAGCCAC-1	37.4464265105336
P1741_12_11C5_prox_dist_GTCCCATGTTGTGCAT-1	1.08532254525784e-05
P1741_12_11C5_prox_dist_GTCTTTAGTGGTAATA-1	8.13991908943379e-06
P1741_12_11C5_prox_dist_GTGCACGTCGTCGCTT-1	24.851819203697
P1741_12_11C5_prox_dist_GTGCTGGGTTATCCAG-1	0.144333716025028
P1741_12_11C5_prox_dist_GTTAGTGAGAGGGCGA-1	6.04989936727258
P1741_12_11C5_prox_dist_GTTGCTCAGACTGTTC-1	35.9470945456797
P1741_12_11C5_prox_dist_GTTTACTGTTGGCCGT-1	25.564506078649
P1741_12_11C5_prox_dist_GTTTGGACATTACTCT-1	33.0034035711344
P1741_12_11C5_prox_dist_TAAGTCGGTCCGGTGT-1	23.6087932882949
P1741_12_11C5_prox_dist_TACCCGTAGTGCAGCA-1	24.4479171212809
P1741_12_11C5_prox_dist_TACGGTAAGGATGTTA-1	0.000531785171658861
P1741_12_11C5_prox_dist_TACGGTACAAATGGTA-1	20.0139342100918
P1741_12_11C5_prox_dist_TCACGGGTCTCTCCGA-1	0.0173547883248126
P1741_12_11C5_prox_dist_TCACTATCACAAGTGG-1	28.0815364260094
P1741_12_11C5_prox_dist_TCATTCACACAATGTC-1	1.71070473768587
P1741_12_11C5_prox_dist_TCGCTCACACAACGCC-1	32.5342314442774
P1741_12_11C5_prox_dist_TGAATCGTCTAACACG-1	24.6760736502361
P1741_12_11C5_prox_dist_TGACGCGTCATCACCC-1	2.17064509051568e-05
P1741_12_11C5_prox_dist_TGCGGCACACAAGCAG-1	33.1176609806038
P1741_12_11C5_prox_dist_TGGAGGATCCGTGTAA-1	35.9347127691935
P1741_12_11C5_prox_dist_TGTCCTGCAAGGCTTT-1	0.742625511336134
P1741_12_11C5_prox_dist_TGTCCTGGTCAGGTAG-1	1.89931445420122e-05
P1741_12_11C5_prox_dist_TGTGATGCATGTCTAG-1	32.4352410493292
P1741_12_11C5_prox_dist_TGTTACTAGCAGCCCT-1	0.476702460578866
P1741_12_11C5_prox_dist_TTATTGCGTGGCTTAT-1	1.62798381788676e-05
P1741_12_11C5_prox_dist_TTCGCTGCAATAGAGT-1	0
P1741_12_11C5_prox_dist_TTGAGTGAGCTGACAG-1	18.5977365148387
P1741_12_11C5_prox_dist_TTGGTTTAGCCAAGCA-1	32.9607597715907
P1741_12_11C5_prox_dist_TTGTGTTTCCCAACTC-1	1.3566531815723e-05
P1741_12_11C5_prox_dist_TTGTTCACAACGTATC-1	5.42661272628919e-06
P1741_12_11C5_prox_dist_TTTCAGTCACTTCATT-1	15.3186913216421
P1741_12_11C5_prox_dist_TTTCGATGTTGATCGT-1	0.0648136552343774
P1741_12_11C5_prox_dist_TTTGACTCATTGAAGA-1	4.5401851527238
P1741_12_11C5_prox_dist_AACAAAGAGGTAAGGA-1	25.536984650097
P1741_12_11C5_prox_dist_AACGAAATCGTCCTCA-1	23.9153136251141
P1741_12_11C5_prox_dist_AAGACTCTCCCAAGCG-1	1.08532254525784e-05
P1741_12_11C5_prox_dist_AAGCGTTCAGCGGATA-1	8.13991908943379e-06
P1741_12_11C5_prox_dist_AATCACGTCACCGACG-1	31.1196562319466
P1741_12_11C5_prox_dist_AATCGTGCACACGCCA-1	5.42661272628919e-06
P1741_12_11C5_prox_dist_ACAAAGAAGATTACCC-1	2.7133063631446e-06
P1741_12_11C5_prox_dist_ACAAGCTCACGTACAT-1	24.7692960353501
P1741_12_11C5_prox_dist_ACACCAATCGGAGATG-1	0.526210849196045
P1741_12_11C5_prox_dist_ACACTGATCCAACCAA-1	32.2780270664275
P1741_12_11C5_prox_dist_ACAGGGACACGTTGGC-1	6.81432561486711
P1741_12_11C5_prox_dist_ACTACGAAGTCCGCCA-1	37.012287801661
P1741_12_11C5_prox_dist_ACTCCCAGTACCGGAA-1	32.9793963118848
P1741_12_11C5_prox_dist_ATCCTATTCAGTCTTT-1	31.5067592859919
P1741_12_11C5_prox_dist_ATCGTGAGTCACGTGC-1	32.4997006151435
P1741_12_11C5_prox_dist_ATGCCTCCACAGCCTG-1	23.893846411529
P1741_12_11C5_prox_dist_ATTTCTGGTAGTCGGA-1	35.9553488474756
P1741_12_11C5_prox_dist_CAGAGCCGTTTGGCTA-1	4.69034847178328
P1741_12_11C5_prox_dist_CAGAGCCTCAAGGAGC-1	13.3865574320759
P1741_12_11C5_prox_dist_CAGCACGTCCATTGTT-1	2.7133063631446e-06
P1741_12_11C5_prox_dist_CATACCCAGTAAACGT-1	37.44642922384
P1741_12_11C5_prox_dist_CATAGACCACAAGCTT-1	0.0645596765440515
P1741_12_11C5_prox_dist_CATCAAGCACCTGATA-1	0
P1741_12_11C5_prox_dist_CATCGGGTCGTCGCTT-1	37.7325379903416
P1741_12_11C5_prox_dist_CATGCGGCAGCGGTTC-1	0.0337234974476566
P1741_12_11C5_prox_dist_CCACAAAAGATGTTGA-1	1.72855566784394
P1741_12_11C5_prox_dist_CCCAACTCAGGCGTTC-1	6.05258033945792
P1741_12_11C5_prox_dist_CCTAAGAGTACCATAC-1	0.0171159345529381
P1741_12_11C5_prox_dist_CGAGTGCCAGCCGTTG-1	35.7220697997115
P1741_12_11C5_prox_dist_CGCATAAAGAGGACTC-1	32.2097924940266
P1741_12_11C5_prox_dist_CGCCATTCAAGACTGG-1	35.2569977341272
P1741_12_11C5_prox_dist_CGGAATTCACATACTG-1	0.265573512052228
P1741_12_11C5_prox_dist_CGGTCAGAGATACTGA-1	0.0937575873977559
P1741_12_11C5_prox_dist_CGTCCATCAAGTGGAC-1	0
P1741_12_11C5_prox_dist_CGTTGGGCAATTAGGA-1	0.60051936865486
P1741_12_11C5_prox_dist_CTACAGAGTGTTCCAA-1	2.7133063631446e-06
P1741_12_11C5_prox_dist_CTACCCATCCCTAGGG-1	1.68261589928641
P1741_12_11C5_prox_dist_CTACCTGGTTGTGGAG-1	4.17582699897357
P1741_12_11C5_prox_dist_CTACTATTCAGCGTCG-1	5.42661272628919e-06
P1741_12_11C5_prox_dist_CTCACTGAGTCAAGCG-1	26.309950115369
P1741_12_11C5_prox_dist_CTCATTACACGCTATA-1	3.05494145918444
P1741_12_11C5_prox_dist_CTCCCTCGTTCAGTAC-1	0.100607766471024
P1741_12_11C5_prox_dist_CTGCAGGGTCATACCA-1	32.5610604742848
P1741_12_11C5_prox_dist_GAAGAATCATCGGTTA-1	27.1323927865882
P1741_12_11C5_prox_dist_GAAGTAACACATCATG-1	26.4271098586223
P1741_12_11C5_prox_dist_GAATCGTGTCGCCTAG-1	2.7133063631446e-06
P1741_12_11C5_prox_dist_GACCCAGGTCTGCCTT-1	24.7116841471701
P1741_12_11C5_prox_dist_GACCGTGTCAGGACGA-1	5.42661272628919e-06
P1741_12_11C5_prox_dist_GAGGCAAAGACTTGTC-1	0.118437783881337
P1741_12_11C5_prox_dist_GATTGGTGTGGCCTCA-1	0.0756382198868875
P1741_12_11C5_prox_dist_GCCATGGGTTCGTTCC-1	4.59420476812545
P1741_12_11C5_prox_dist_GCCATGGTCCACGTAA-1	31.4423216750662
P1741_12_11C5_prox_dist_GCCGTGAAGTTTGTCG-1	23.9260755381629
P1741_12_11C5_prox_dist_GCCTGTTAGATTGGGC-1	31.447235507117
P1741_12_11C5_prox_dist_GCGAGAAGTAGAGGAA-1	8.13991908943379e-06
P1741_12_11C5_prox_dist_GCTTCACTCGCGATCG-1	25.4112015966426
P1741_12_11C5_prox_dist_GGAACCCTCCACGTGG-1	32.8496441089703
P1741_12_11C5_prox_dist_GGAATCTCAACCGTAT-1	35.955351560782
P1741_12_11C5_prox_dist_GGACGTCTCTATACTC-1	32.1923462535497
P1741_12_11C5_prox_dist_GGAGAACTCCGTTGGG-1	29.1110488390137
P1741_12_11C5_prox_dist_GGAGATGAGGGAGGTG-1	23.9420154834389
P1741_12_11C5_prox_dist_GGCACGTAGACGTCCC-1	37.4464319371464
P1741_12_11C5_prox_dist_GGCTGTGCAACCTAAC-1	19.7799388308797
P1741_12_11C5_prox_dist_GGTAATCTCAACTGAC-1	0.0173575016311758
P1741_12_11C5_prox_dist_GGTAGAGCAACGGCTC-1	1.08532254525784e-05
P1741_12_11C5_prox_dist_GGTCTGGAGTAAGGGA-1	6.81432832817347
P1741_12_11C5_prox_dist_GGTTGTAAGTCTCTGA-1	8.13991908943379e-06
P1741_12_11C5_prox_dist_GTCCCATCATCCGAGC-1	31.059040154488
P1741_12_11C5_prox_dist_GTGTCCTTCATTGCGA-1	35.9532436808925
P1741_12_11C5_prox_dist_TAAGCGTAGGTTGCCC-1	24.540596190677
P1741_12_11C5_prox_dist_TACCGAACAGAGAAAG-1	27.1662816629715
P1741_12_11C5_prox_dist_TACCGAAGTGTTCGAT-1	26.5515223911495
P1741_12_11C5_prox_dist_TACGGTAGTTGCATGT-1	18.9682419690305
P1741_12_11C5_prox_dist_TAGATCGTCTAGTGTG-1	24.9662005142594
P1741_12_11C5_prox_dist_TAGGAGGCAATTGGTC-1	1.3566531815723e-05
P1741_12_11C5_prox_dist_TAGGTTGAGTATGAGT-1	35.6315757398288
P1741_12_11C5_prox_dist_TATCGCCGTCCACTCT-1	0.265576225358591
P1741_12_11C5_prox_dist_TCATATCTCCAGTGTA-1	1.71628789473591
P1741_12_11C5_prox_dist_TCCACCAAGACAGCGT-1	1.08532254525784e-05
P1741_12_11C5_prox_dist_TCCTCTTAGTCCGCGT-1	0.0471511978101904
P1741_12_11C5_prox_dist_TCGACCTCATGTGCCG-1	1.3566531815723e-05
P1741_12_11C5_prox_dist_TGAATGCCAACTCATG-1	0.105205919094367
P1741_12_11C5_prox_dist_TGAGTCACATTGGGAG-1	36.4567365293803
P1741_12_11C5_prox_dist_TGAGTCAGTCAACATC-1	0.0129731569123872
P1741_12_11C5_prox_dist_TGGCGTGTCGACATAC-1	0.179819989033407
P1741_12_11C5_prox_dist_TGTAACGGTAGATGTA-1	23.8486690034189
P1741_12_11C5_prox_dist_TGTCCCAAGCTGAGTG-1	0.100058399715336
P1741_12_11C5_prox_dist_TGTTACTTCACGTAGT-1	1.62798381788676e-05
P1741_12_11C5_prox_dist_TGTTCCGAGGCGCTTC-1	27.1838224973782
P1741_12_11C5_prox_dist_TGTTCTATCAGCTTGA-1	26.5284919682223
P1741_12_11C5_prox_dist_TGTTTGTCATACTGAC-1	23.9738573788031
P1741_12_11C5_prox_dist_TTACAGGAGAAAGTCT-1	32.3672271150391
P1741_12_11C5_prox_dist_TTACAGGGTTGTATGC-1	30.3273957533487
P1741_12_11C5_prox_dist_TTCCGGTTCCGAGGCT-1	13.3640771045278
P1741_12_11C5_prox_dist_TTCGATTAGAAGTCCG-1	6.81433104147983
P1741_12_11C5_prox_dist_TTCGATTAGTTTGTCG-1	22.7745653169987
P1741_12_11C5_prox_dist_TTGCATTAGAAACTGT-1	0.0739299940810092
P1741_12_11C5_prox_dist_TTGGATGGTTGTCCCT-1	36.5504083910605
P1741_12_11C5_prox_dist_TTGGGTAGTACCATAC-1	0.508870595543722
